skill_uri,label,count,frequency_ratio,is_uri_backed
http://data.europa.eu/esco/skill/97bd1c21-66b2-4b7e-ad0f-e3cda590e378,analyse de données,394,0.46961,True
http://data.europa.eu/esco/skill/7111b95d-0ce3-441a-9d92-4c75d05c4388,gestion de projets,382,0.4553,True
,support,380,0.45292,False
http://data.europa.eu/esco/skill/15d76317-c71a-4fa2-aadc-2ecc34e627b7,communication,378,0.45054,True
,solutions,346,0.4124,False
,skills,338,0.40286,False
,international,332,0.39571,False
,business,332,0.39571,False
,management,319,0.38021,False
,performance,318,0.37902,False
,missions,316,0.37664,False
http://data.europa.eu/esco/skill/6d3edede-8951-4621-a835-e04323300fa0,anglais,307,0.36591,True
,role,307,0.36591,False
,master,298,0.35518,False
,english,292,0.34803,False
,team,278,0.33135,False
,you,270,0.32181,False
,clients,269,0.32062,False
,projets,268,0.31943,False
http://data.europa.eu/esco/skill/09f2f811-a3fb-4de3-a70f-6420a6935575,cycle de développement logiciel,267,0.31824,True
,developpement,266,0.31704,False
,strong,265,0.31585,False
http://data.europa.eu/esco/skill/21d2f96d-35f7-4e3f-9745-c533d2dd6e97,programmation informatique,255,0.30393,True
,environnement,253,0.30155,False
,gestion,253,0.30155,False
,techniques,252,0.30036,False
http://data.europa.eu/esco/skill/143769cb-b61e-47d8-a61e-eedfbec1016c,informatique décisionnelle,251,0.29917,True
,equipes,250,0.29797,False
,formation,250,0.29797,False
,ingenieur,248,0.29559,False
,degree,245,0.29201,False
,work,245,0.29201,False
,competences,241,0.28725,False
,nos,234,0.2789,False
,teams,231,0.27533,False
,engineering,226,0.26937,False
,suivi,225,0.26818,False
,development,225,0.26818,False
,outils,225,0.26818,False
,maitrise,223,0.26579,False
http://data.europa.eu/esco/skill/25f0ea33-b4a2-4f31-b7b4-7d20e827b180,exploration de données,221,0.26341,True
,production,221,0.26341,False
,data,221,0.26341,False
,process,214,0.25507,False
,expertise,212,0.25268,False
,assurer,208,0.24791,False
,reporting,206,0.24553,False
,vos,205,0.24434,False
,collaboration,205,0.24434,False
,capacite,204,0.24315,False
,knowledge,204,0.24315,False
,we,204,0.24315,False
,participer,198,0.236,False
,services,197,0.2348,False
,qui,196,0.23361,False
,projects,194,0.23123,False
,it,193,0.23004,False
,key,193,0.23004,False
,service,192,0.22884,False
,ensure,192,0.22884,False
,analyse,191,0.22765,False
,environment,191,0.22765,False
,technique,190,0.22646,False
,projet,187,0.22288,False
,esprit,186,0.22169,False
,mise,185,0.2205,False
,tools,185,0.2205,False
,project,182,0.21692,False
,diplome,182,0.21692,False
,processes,181,0.21573,False
,technical,181,0.21573,False
,qualite,179,0.21335,False
,contribute,179,0.21335,False
,quality,178,0.21216,False
,bac,175,0.20858,False
,ability,174,0.20739,False
,travail,174,0.20739,False
,client,173,0.2062,False
,francais,172,0.20501,False
,across,172,0.20501,False
,connaissance,169,0.20143,False
,new,167,0.19905,False
,processus,167,0.19905,False
,working,164,0.19547,False
,join,164,0.19547,False
,operations,163,0.19428,False
,france,162,0.19309,False
,related,161,0.1919,False
,office,161,0.1919,False
,etre,161,0.1919,False
,premiere,159,0.18951,False
,developper,159,0.18951,False
,excellent,159,0.18951,False
,all,156,0.18594,False
,activites,156,0.18594,False
,travailler,156,0.18594,False
,integration,153,0.18236,False
,within,152,0.18117,False
,documentation,151,0.17998,False
,afin,151,0.17998,False
,place,150,0.17878,False
,manager,150,0.17878,False
,equivalent,149,0.17759,False
http://data.europa.eu/esco/skill/1973c966-f236-40c9-b2d4-5d71a89019be,microsoft office excel,148,0.1764,True
,excel,148,0.1764,False
,groupe,147,0.17521,False
,base,146,0.17402,False
,coordination,146,0.17402,False
,tout,146,0.17402,False
http://data.europa.eu/esco/skill/0c0488b3-fca5-4deb-865b-8dc605c3d909,argumentaire de vente,144,0.17163,True
,fluent,144,0.17163,False
,responsibilities,144,0.17163,False
,ainsi,143,0.17044,False
,site,143,0.17044,False
,contribuer,143,0.17044,False
http://data.europa.eu/esco/skill/1019423b-3368-4f83-b24f-19e5fa23e816,schéma de conception dinterface utilisateur,142,0.16925,True
,finance,142,0.16925,False
http://data.europa.eu/esco/skill/c4b1f326-224a-420a-b8b3-814a8f13b6cb,mettre en œuvre le design front end dun site web,141,0.16806,True
,commercial,141,0.16806,False
,qu,141,0.16806,False
,design,141,0.16806,False
,bonne,141,0.16806,False
,charge,140,0.16687,False
,forte,140,0.16687,False
,analysis,140,0.16687,False
,plans,140,0.16687,False
,amelioration,140,0.16687,False
,part,139,0.16567,False
,mindset,139,0.16567,False
,domaine,139,0.16567,False
,actions,139,0.16567,False
,impact,138,0.16448,False
,besoins,138,0.16448,False
,field,138,0.16448,False
,internal,138,0.16448,False
,technologies,138,0.16448,False
,develop,138,0.16448,False
,up,137,0.16329,False
,looking,137,0.16329,False
,high,136,0.1621,False
,systems,136,0.1621,False
,ecole,134,0.15971,False
,innovation,134,0.15971,False
,etes,134,0.15971,False
,autonomie,133,0.15852,False
,initiatives,132,0.15733,False
,activities,131,0.15614,False
,donnees,131,0.15614,False
,standards,130,0.15495,False
,sens,129,0.15375,False
,serez,128,0.15256,False
,french,128,0.15256,False
,understanding,128,0.15256,False
,engineer,127,0.15137,False
,manage,127,0.15137,False
,company,127,0.15137,False
,us,127,0.15137,False
,ingenierie,125,0.14899,False
,organisation,124,0.14779,False
,analytical,123,0.1466,False
,bon,122,0.14541,False
,information,122,0.14541,False
,avez,122,0.14541,False
,procedures,120,0.14303,False
,systemes,120,0.14303,False
,improvement,120,0.14303,False
,functional,120,0.14303,False
,global,120,0.14303,False
,recherche,120,0.14303,False
,ensuring,120,0.14303,False
,se,119,0.14184,False
,execution,119,0.14184,False
,product,119,0.14184,False
http://data.europa.eu/esco/skill/43dfbe7f-9e10-4871-b171-e5076737b4cf,techniques de marketing numérique,118,0.14064,True
,commerce,118,0.14064,False
,through,118,0.14064,False
,digital,118,0.14064,False
,closely,117,0.13945,False
,gerer,117,0.13945,False
,accompagner,117,0.13945,False
,culture,117,0.13945,False
,lead,116,0.13826,False
,such,115,0.13707,False
,main,114,0.13588,False
,produits,114,0.13588,False
,based,114,0.13588,False
,applications,114,0.13588,False
,societe,114,0.13588,False
,planning,113,0.13468,False
,including,113,0.13468,False
,continue,113,0.13468,False
,implementation,113,0.13468,False
,presentation,112,0.13349,False
,responsabilites,112,0.13349,False
,mettre,112,0.13349,False
,plan,111,0.1323,False
,principales,110,0.13111,False
,suivre,110,0.13111,False
,cross,109,0.12992,False
,collaborate,109,0.12992,False
,secteur,109,0.12992,False
,continuous,108,0.12872,False
,requirements,108,0.12872,False
,analyser,108,0.12872,False
,maintenance,107,0.12753,False
,about,107,0.12753,False
,excellence,107,0.12753,False
,operational,106,0.12634,False
,oriented,106,0.12634,False
,internes,106,0.12634,False
,recherchons,106,0.12634,False
,marche,105,0.12515,False
,stakeholders,105,0.12515,False
,identify,105,0.12515,False
http://data.europa.eu/esco/skill/f0393af3-bcd9-41af-a36e-0cfb83b60081,gérer le système normalisé de planification des ressources dune entreprise,104,0.12396,True
,evolution,104,0.12396,False
,proactive,104,0.12396,False
,preparation,103,0.12277,False
http://data.europa.eu/esco/skill/11c56452-fcec-4b00-9695-cca4728e5048,analyse marketing,102,0.12157,True
,local,102,0.12157,False
,marketing,102,0.12157,False
,notamment,102,0.12157,False
,provide,102,0.12157,False
,nouveaux,101,0.12038,False
,sous,101,0.12038,False
,rigueur,100,0.11919,False
,rejoindre,100,0.11919,False
,customer,100,0.11919,False
,good,100,0.11919,False
,connaissances,100,0.11919,False
,group,99,0.118,False
,professional,98,0.11681,False
,œuvre,97,0.11561,False
,identifier,96,0.11442,False
,nouvelles,96,0.11442,False
,products,96,0.11442,False
,metiers,96,0.11442,False
,jour,95,0.11323,False
,entre,95,0.11323,False
,garantir,95,0.11323,False
,participate,95,0.11323,False
,differents,95,0.11323,False
,into,94,0.11204,False
,transformation,94,0.11204,False
,pays,94,0.11204,False
,follow,93,0.11085,False
,analyses,93,0.11085,False
,more,93,0.11085,False
,application,93,0.11085,False
,supporting,92,0.10965,False
,solving,92,0.10965,False
,idealement,92,0.10965,False
,compliance,91,0.10846,False
,conception,91,0.10846,False
,dynamique,90,0.10727,False
,long,90,0.10727,False
,monitor,90,0.10727,False
,proficiency,90,0.10727,False
,what,90,0.10727,False
,ameliorer,90,0.10727,False
,si,89,0.10608,False
,comme,89,0.10608,False
,contexte,89,0.10608,False
,industry,89,0.10608,False
,system,89,0.10608,False
,sales,89,0.10608,False
,proposer,89,0.10608,False
,realiser,89,0.10608,False
,europe,89,0.10608,False
,bonnes,89,0.10608,False
,needs,88,0.10489,False
,conseil,88,0.10489,False
,via,88,0.10489,False
,maintain,88,0.10489,False
,problem,88,0.10489,False
,resolution,88,0.10489,False
,time,88,0.10489,False
,autres,88,0.10489,False
,activite,87,0.10369,False
,non,87,0.10369,False
,leader,87,0.10369,False
,ensemble,87,0.10369,False
,supply,86,0.1025,False
,improve,86,0.1025,False
,training,86,0.1025,False
,aupres,86,0.1025,False
,responsable,85,0.10131,False
,depuis,85,0.10131,False
,securite,85,0.10131,False
,between,85,0.10131,False
,validation,85,0.10131,False
,best,85,0.10131,False
,help,85,0.10131,False
,well,85,0.10131,False
,software,85,0.10131,False
,one,85,0.10131,False
,creation,85,0.10131,False
,croissance,84,0.10012,False
,partenaires,84,0.10012,False
,participation,84,0.10012,False
,position,84,0.10012,False
,responsible,84,0.10012,False
,reports,84,0.10012,False
,tests,84,0.10012,False
,strategy,83,0.09893,False
,opportunites,83,0.09893,False
,able,83,0.09893,False
,end,83,0.09893,False
,innovative,83,0.09893,False
,contact,82,0.09774,False
,strategie,82,0.09774,False
,microsoft,82,0.09774,False
,dynamic,82,0.09774,False
,sites,82,0.09774,False
,analyze,82,0.09774,False
,career,82,0.09774,False
,solution,82,0.09774,False
,initiative,82,0.09774,False
,managers,82,0.09774,False
,construction,81,0.09654,False
,challenges,81,0.09654,False
,monitoring,81,0.09654,False
,project management,81,0.09654,False
,organization,81,0.09654,False
,other,81,0.09654,False
,redaction,81,0.09654,False
,respect,81,0.09654,False
,delivery,80,0.09535,False
,industrial,80,0.09535,False
,learn,80,0.09535,False
,drive,80,0.09535,False
,evoluer,79,0.09416,False
,energie,79,0.09416,False
,written,79,0.09416,False
,practices,78,0.09297,False
,control,78,0.09297,False
,opportunities,78,0.09297,False
,optimisation,78,0.09297,False
,complexes,78,0.09297,False
,industriel,78,0.09297,False
,tasks,78,0.09297,False
,il,77,0.09178,False
,market,77,0.09178,False
,strategic,77,0.09178,False
,power,77,0.09178,False
,relationnel,77,0.09178,False
,languages,77,0.09178,False
,detail,77,0.09178,False
,avant,77,0.09178,False
,mecanique,77,0.09178,False
,collaborer,77,0.09178,False
,growth,76,0.09058,False
,science,76,0.09058,False
,controle,76,0.09058,False
,sera,75,0.08939,False
,job,75,0.08939,False
,open,75,0.08939,False
,customers,75,0.08939,False
,structure,75,0.08939,False
,realisation,75,0.08939,False
http://data.europa.eu/esco/skill/7b5cce4d-c7fe-4119-b48f-70aa05391787,informatique,74,0.0882,True
,suivantes,74,0.0882,False
,lien,74,0.0882,False
,who,74,0.0882,False
,pratiques,74,0.0882,False
,leurs,74,0.0882,False
,plusieurs,74,0.0882,False
,genie,74,0.0882,False
,professionnel,74,0.0882,False
,technology,73,0.08701,False
,over,73,0.08701,False
,seront,73,0.08701,False
,decision,73,0.08701,False
,profile,73,0.08701,False
,but,73,0.08701,False
,automation,73,0.08701,False
,people,73,0.08701,False
,direction,73,0.08701,False
,chain,72,0.08582,False
,first,72,0.08582,False
,both,72,0.08582,False
,driven,72,0.08582,False
,collaborateurs,71,0.08462,False
,domaines,71,0.08462,False
,financial,71,0.08462,False
,opportunity,71,0.08462,False
,while,71,0.08462,False
,capacites,71,0.08462,False
,resultats,71,0.08462,False
,documents,71,0.08462,False
,professionnelle,71,0.08462,False
http://data.europa.eu/esco/skill/33d49d4f-31ec-473f-9b8a-b555aa5116bb,développement par itérations,70,0.08343,True
http://data.europa.eu/esco/skill/0a9acb6b-1139-4be9-b431-3a80a959f2f4,gestion de projets par méthode agile,70,0.08343,True
,affaires,70,0.08343,False
,managing,70,0.08343,False
,build,70,0.08343,False
,take,70,0.08343,False
,countries,70,0.08343,False
,why,70,0.08343,False
,tres,70,0.08343,False
,relation,70,0.08343,False
,industrie,70,0.08343,False
,courant,69,0.08224,False
,assist,69,0.08224,False
,external,69,0.08224,False
,prepare,69,0.08224,False
,coordinate,69,0.08224,False
,make,69,0.08224,False
,fort,69,0.08224,False
,langues,69,0.08224,False
,reseau,68,0.08105,False
,also,68,0.08105,False
,using,68,0.08105,False
,erp,68,0.08105,False
,autonome,68,0.08105,False
,environnements,67,0.07986,False
,life,67,0.07986,False
,language,67,0.07986,False
,ingenieurs,67,0.07986,False
,vente,67,0.07986,False
,strategies,67,0.07986,False
,industriels,67,0.07986,False
,definition,67,0.07986,False
,comprendre,66,0.07867,False
,ecrit,66,0.07867,False
,offres,66,0.07867,False
,environments,66,0.07867,False
,interest,66,0.07867,False
,day,66,0.07867,False
,leadership,66,0.07867,False
,testing,66,0.07867,False
,include,66,0.07867,False
,egalement,66,0.07867,False
,etudes,66,0.07867,False
,problemes,66,0.07867,False
,personnes,66,0.07867,False
,capable,66,0.07867,False
,atout,65,0.07747,False
,budget,65,0.07747,False
,complex,65,0.07747,False
,methodologies,65,0.07747,False
,developing,65,0.07747,False
,collaborative,65,0.07747,False
,point,65,0.07747,False
,leading,65,0.07747,False
,player,65,0.07747,False
,terrain,65,0.07747,False
,value,64,0.07628,False
,understand,64,0.07628,False
,various,64,0.07628,False
,world,64,0.07628,False
,contributing,64,0.07628,False
,conditions,64,0.07628,False
,action,64,0.07628,False
,chaque,64,0.07628,False
http://data.europa.eu/esco/skill/6a609f8f-1451-4102-ad2d-62c5270e1237,service administratif,63,0.07509,True
http://data.europa.eu/esco/skill/ccd0a1d9-afda-43d9-b901-96344886e14d,python programmation informatique,63,0.07509,True
,cles,63,0.07509,False
,commerciale,63,0.07509,False
,enjeux,63,0.07509,False
,valeur,63,0.07509,False
,relations,63,0.07509,False
,intelligence,63,0.07509,False
,issues,63,0.07509,False
,agile,63,0.07509,False
,python,63,0.07509,False
,results,63,0.07509,False
,making,63,0.07509,False
,implement,63,0.07509,False
,secteurs,63,0.07509,False
,opportunite,63,0.07509,False
http://data.europa.eu/esco/skill/598de5b0-5b58-4ea7-8058-a4bc4d18c742,sql,62,0.0739,True
,indispensable,62,0.0739,False
,oral,62,0.0739,False
,rattache,62,0.0739,False
,bachelor,62,0.0739,False
,kpis,62,0.0739,False
,interet,62,0.0739,False
,future,62,0.0739,False
,bi,62,0.0739,False
,piloter,62,0.0739,False
,talents,62,0.0739,False
,ms,62,0.0739,False
,veille,61,0.07271,False
,commerciales,61,0.07271,False
,daily,61,0.07271,False
,fast,61,0.07271,False
,junior,61,0.07271,False
,orientation,61,0.07271,False
,education,61,0.07271,False
,deploiement,61,0.07271,False
,ai,61,0.07271,False
,qualites,61,0.07271,False
,creer,61,0.07271,False
,risques,61,0.07271,False
,rapports,61,0.07271,False
,prendre,61,0.07271,False
,interpersonal,60,0.07151,False
,ll,60,0.07151,False
,when,60,0.07151,False
,test,60,0.07151,False
,learning,60,0.07151,False
,propose,60,0.07151,False
,mais,60,0.07151,False
,consultants,60,0.07151,False
,pourquoi,59,0.07032,False
,sujets,59,0.07032,False
,diverse,59,0.07032,False
,relevant,59,0.07032,False
,materials,59,0.07032,False
,program,59,0.07032,False
,metier,59,0.07032,False
,cycle,59,0.07032,False
,infrastructure,59,0.07032,False
,conformite,59,0.07032,False
,filiale,59,0.07032,False
,analyst,59,0.07032,False
,challenge,58,0.06913,False
,efficiency,58,0.06913,False
,advanced,58,0.06913,False
,change,58,0.06913,False
,apply,58,0.06913,False
,fournisseurs,58,0.06913,False
,tels,58,0.06913,False
,present,58,0.06913,False
,rediger,58,0.06913,False
,attention,58,0.06913,False
,indicateurs,58,0.06913,False
,fonction,57,0.06794,False
,offre,57,0.06794,False
,produit,57,0.06794,False
,activement,57,0.06794,False
,familiarity,57,0.06794,False
,than,57,0.06794,False
,insights,57,0.06794,False
,temps,57,0.06794,False
,couts,57,0.06794,False
,pilotage,57,0.06794,False
,selon,57,0.06794,False
,siege,56,0.06675,False
,context,56,0.06675,False
,cost,56,0.06675,False
,transport,56,0.06675,False
,focus,56,0.06675,False
,play,56,0.06675,False
,unique,56,0.06675,False
,experts,56,0.06675,False
,powerpoint,56,0.06675,False
,rejoignez,56,0.06675,False
,delais,56,0.06675,False
,rigoureux,56,0.06675,False
,systeme,56,0.06675,False
,methodes,56,0.06675,False
,bien,56,0.06675,False
,belgium,56,0.06675,False
,different,56,0.06675,False
,aussi,56,0.06675,False
,grande,56,0.06675,False
,optimiser,56,0.06675,False
,appetence,55,0.06555,False
,curiosite,55,0.06555,False
,strategique,55,0.06555,False
,months,55,0.06555,False
,optimization,55,0.06555,False
,multiple,55,0.06555,False
,reviews,55,0.06555,False
,renforcer,55,0.06555,False
,interne,55,0.06555,False
,industrielle,55,0.06555,False
,accompagnement,55,0.06555,False
,contribution,54,0.06436,False
,reunions,54,0.06436,False
,computer,54,0.06436,False
,core,54,0.06436,False
,progress,54,0.06436,False
,employees,54,0.06436,False
,act,54,0.06436,False
,deliver,54,0.06436,False
,safety,54,0.06436,False
,code,54,0.06436,False
,start,54,0.06436,False
,excellentes,54,0.06436,False
,pas,54,0.06436,False
,vers,54,0.06436,False
,partie,54,0.06436,False
,kpi,54,0.06436,False
,region,54,0.06436,False
,description,54,0.06436,False
,definir,54,0.06436,False
,comprehension,53,0.06317,False
,exposure,53,0.06317,False
,re,53,0.06317,False
,portfolio,53,0.06317,False
,structured,53,0.06317,False
,sap,53,0.06317,False
,real,53,0.06317,False
,maintenir,53,0.06317,False
,proposition,53,0.06317,False
,grace,53,0.06317,False
,operationnelle,53,0.06317,False
,engagement,53,0.06317,False
,alternance,52,0.06198,False
,architecture,52,0.06198,False
,building,52,0.06198,False
,interface,52,0.06198,False
,mesure,52,0.06198,False
,qualification,52,0.06198,False
,hands,52,0.06198,False
,soft,52,0.06198,False
,meetings,52,0.06198,False
,where,52,0.06198,False
,comfortable,52,0.06198,False
,decisions,52,0.06198,False
,grow,52,0.06198,False
,suite,52,0.06198,False
,aise,52,0.06198,False
,differentes,52,0.06198,False
,responsabilite,52,0.06198,False
,monde,52,0.06198,False
,specifications,52,0.06198,False
,exigences,52,0.06198,False
,effectively,52,0.06198,False
http://data.europa.eu/esco/skill/045f71e6-0699-4169-8a54-9c6b96f3174d,conseiller dautres personnes,51,0.06079,True
,partners,51,0.06079,False
,risks,51,0.06079,False
,audits,51,0.06079,False
,cloud,51,0.06079,False
,clear,51,0.06079,False
,user,51,0.06079,False
,energy,51,0.06079,False
,driving,51,0.06079,False
,consultant,51,0.06079,False
,preuve,51,0.06079,False
,entreprises,51,0.06079,False
,lies,51,0.06079,False
,locaux,51,0.06079,False
,equipements,51,0.06079,False
,cœur,50,0.05959,False
,directeur,50,0.05959,False
,multicultural,50,0.05959,False
,committed,50,0.05959,False
,year,50,0.05959,False
,following,50,0.05959,False
,similar,50,0.05959,False
,optimize,50,0.05959,False
,autonomous,50,0.05959,False
,review,50,0.05959,False
,bases,50,0.05959,False
,developer,49,0.0584,False
,sector,49,0.0584,False
,manufacturing,49,0.0584,False
,deployment,49,0.0584,False
,phases,49,0.0584,False
,workflows,49,0.0584,False
,presence,49,0.0584,False
,success,49,0.0584,False
,objectifs,49,0.0584,False
,parties,49,0.0584,False
,technologique,49,0.0584,False
,cas,49,0.0584,False
,ne,49,0.0584,False
,concevoir,49,0.0584,False
,soutenir,49,0.0584,False
,specialisee,48,0.05721,False
,direct,48,0.05721,False
,travel,48,0.05721,False
,providing,48,0.05721,False
,demandes,48,0.05721,False
,b2,48,0.05721,False
,deplacements,48,0.05721,False
,toutes,48,0.05721,False
,amene,48,0.05721,False
,chef,48,0.05721,False
,lors,48,0.05721,False
,synthese,48,0.05721,False
,engagements,48,0.05721,False
,tous,48,0.05721,False
,perform,48,0.05721,False
,aisance,47,0.05602,False
,c1,47,0.05602,False
,presentations,47,0.05602,False
,risk,47,0.05602,False
,satisfaction,47,0.05602,False
,senior,47,0.05602,False
,large,47,0.05602,False
,active,47,0.05602,False
,fois,47,0.05602,False
,specialisation,47,0.05602,False
,innovantes,47,0.05602,False
,normes,47,0.05602,False
,use,47,0.05602,False
,platforms,47,0.05602,False
,travers,47,0.05602,False
http://data.europa.eu/esco/skill/5f2efbdf-08a2-49cd-9c06-bd284e4f0fbf,négocier des conditions avec les fournisseurs,46,0.05483,True
http://data.europa.eu/esco/skill/7ee9fb56-91b1-4363-b51f-ea54ae1b5761,négocier les prix,46,0.05483,True
,integrer,46,0.05483,False
,identification,46,0.05483,False
,organizational,46,0.05483,False
,highly,46,0.05483,False
,negotiation,46,0.05483,False
,worldwide,46,0.05483,False
,during,46,0.05483,False
,improving,46,0.05483,False
,track,46,0.05483,False
,word,46,0.05483,False
,reseaux,46,0.05483,False
,financiers,46,0.05483,False
,recrutement,46,0.05483,False
,repondre,46,0.05483,False
,sommes,46,0.05483,False
,quotidien,46,0.05483,False
,maitrisez,46,0.05483,False
,operationnel,46,0.05483,False
,unit,46,0.05483,False
,aurez,46,0.05483,False
,every,46,0.05483,False
,internationale,46,0.05483,False
,directement,46,0.05483,False
,create,46,0.05483,False
http://data.europa.eu/esco/skill/dc9a236c-c640-43c3-812f-269403591edb,gestion de la relation client,45,0.05364,True
,comptes,45,0.05364,False
,necessaire,45,0.05364,False
,informations,45,0.05364,False
,department,45,0.05364,False
,offers,45,0.05364,False
,regional,45,0.05364,False
,regulatory,45,0.05364,False
,attitude,45,0.05364,False
,contract,45,0.05364,False
,motivated,45,0.05364,False
,offer,45,0.05364,False
,eager,45,0.05364,False
,basic,45,0.05364,False
,formations,45,0.05364,False
,potential,45,0.05364,False
,consulting,45,0.05364,False
,partner,45,0.05364,False
,if,45,0.05364,False
,utilisateurs,45,0.05364,False
,automatisation,45,0.05364,False
,approach,45,0.05364,False
,locales,45,0.05364,False
,souhaitez,45,0.05364,False
,premier,45,0.05364,False
,toute,45,0.05364,False
,informatiques,45,0.05364,False
,dossiers,44,0.05244,False
,evenements,44,0.05244,False
,animation,44,0.05244,False
,efficacite,44,0.05244,False
,professionnels,44,0.05244,False
,out,44,0.05244,False
,autonomy,44,0.05244,False
,delivering,44,0.05244,False
,expansion,44,0.05244,False
,etroite,44,0.05244,False
,existing,44,0.05244,False
,tracking,44,0.05244,False
,engineers,44,0.05244,False
,audit,44,0.05244,False
,entrepreneurial,44,0.05244,False
,varies,44,0.05244,False
,compte,44,0.05244,False
,duree,44,0.05244,False
,multi,44,0.05244,False
,solides,44,0.05244,False
,transition,44,0.05244,False
,taches,44,0.05244,False
,complete,44,0.05244,False
,performances,44,0.05244,False
http://data.europa.eu/esco/skill/2b9f4584-da2e-44e2-a2fb-4dd4fc64c1a2,ci,43,0.05125,True
,acteur,43,0.05125,False
,monthly,43,0.05125,False
,positive,43,0.05125,False
,tech,43,0.05125,False
,coordonner,43,0.05125,False
,improvements,43,0.05125,False
,flux,43,0.05125,False
,growing,43,0.05125,False
,social,43,0.05125,False
,utilisation,43,0.05125,False
,com,43,0.05125,False
,curieux,43,0.05125,False
,adaptation,43,0.05125,False
,elle,43,0.05125,False
,force,43,0.05125,False
,alignment,43,0.05125,False
,idees,43,0.05125,False
,basee,43,0.05125,False
,fait,43,0.05125,False
,necessaires,43,0.05125,False
,soutien,43,0.05125,False
,grands,42,0.05006,False
,logiciel,42,0.05006,False
,prise,42,0.05006,False
,close,42,0.05006,False
,mandatory,42,0.05006,False
,report,42,0.05006,False
,network,42,0.05006,False
,regular,42,0.05006,False
,some,42,0.05006,False
,developpe,42,0.05006,False
,fiabilite,42,0.05006,False
,define,42,0.05006,False
,passion,42,0.05006,False
,reussie,42,0.05006,False
,full,42,0.05006,False
,defis,42,0.05006,False
,analytique,42,0.05006,False
,innovants,42,0.05006,False
,appreciee,41,0.04887,False
,phase,41,0.04887,False
,preparer,41,0.04887,False
,strategiques,41,0.04887,False
,supervision,41,0.04887,False
,asset,41,0.04887,False
,critical,41,0.04887,False
,principles,41,0.04887,False
,marque,41,0.04887,False
,governance,41,0.04887,False
,demonstrate,41,0.04887,False
,solid,41,0.04887,False
,motivation,41,0.04887,False
,not,41,0.04887,False
,ad,41,0.04887,False
,aide,41,0.04887,False
,apporter,41,0.04887,False
,enhance,41,0.04887,False
,animer,41,0.04887,False
,carriere,41,0.04887,False
,fabrication,41,0.04887,False
,parcours,41,0.04887,False
,pleine,41,0.04887,False
,savoir,41,0.04887,False
,jusqu,41,0.04887,False
,approche,41,0.04887,False
,savez,41,0.04887,False
,pre,41,0.04887,False
,sourcing,41,0.04887,False
,expert,41,0.04887,False
http://data.europa.eu/esco/skill/f0de4973-0a70-4644-8fd4-3a97080476f4,devops,40,0.04768,True
http://data.europa.eu/esco/skill/14ee9f76-3524-43d5-8a1a-5ba8283f8bd7,espagnol,40,0.04768,True
,existants,40,0.04768,False
,logiciels,40,0.04768,False
,objectif,40,0.04768,False
,type,40,0.04768,False
,communicate,40,0.04768,False
,document,40,0.04768,False
,centre,40,0.04768,False
,sustainable,40,0.04768,False
,enjoy,40,0.04768,False
,maintaining,40,0.04768,False
,onboarding,40,0.04768,False
,supplier,40,0.04768,False
,liees,40,0.04768,False
,dote,40,0.04768,False
,planification,40,0.04768,False
,envie,40,0.04768,False
,priorities,40,0.04768,False
,talent,40,0.04768,False
,gout,40,0.04768,False
,aujourd,40,0.04768,False
,hui,40,0.04768,False
,operationnelles,40,0.04768,False
,serait,39,0.04648,False
,cle,39,0.04648,False
,meet,39,0.04648,False
,mobility,39,0.04648,False
,sciences,39,0.04648,False
,self,39,0.04648,False
,adapter,39,0.04648,False
,possible,39,0.04648,False
,great,39,0.04648,False
,responsibility,39,0.04648,False
,crm,39,0.04648,False
,distribution,39,0.04648,False
,charges,39,0.04648,False
,competitive,39,0.04648,False
,apprendre,39,0.04648,False
,aimez,39,0.04648,False
,autour,39,0.04648,False
,least,39,0.04648,False
,ajoutee,38,0.04529,False
,prospection,38,0.04529,False
,structuration,38,0.04529,False
,vision,38,0.04529,False
,automotive,38,0.04529,False
,candidate,38,0.04529,False
,prospects,38,0.04529,False
,web,38,0.04529,False
,collaborating,38,0.04529,False
,coordinating,38,0.04529,False
,obligatoire,38,0.04529,False
,valeurs,38,0.04529,False
,prenantes,38,0.04529,False
,suppliers,38,0.04529,False
,programs,38,0.04529,False
,teamwork,38,0.04529,False
,travail en équipe,38,0.04529,False
,competence,38,0.04529,False
,financiere,38,0.04529,False
,zone,38,0.04529,False
,organiser,38,0.04529,False
,digitale,38,0.04529,False
,analytics,38,0.04529,False
,fournir,38,0.04529,False
http://data.europa.eu/esco/skill/99571e68-801f-49af-a897-5f75996642e1,analyse financière,37,0.0441,True
http://data.europa.eu/esco/skill/4812a4ea-dc55-4dc6-b9b0-4a59bba2c647,allemand,37,0.0441,True
,civil,37,0.0441,False
,financier,37,0.0441,False
,acteurs,37,0.0441,False
,scope,37,0.0441,False
,thinking,37,0.0441,False
,verbal,37,0.0441,False
,which,37,0.0441,False
,portefeuille,37,0.0441,False
,haut,37,0.0441,False
,organise,37,0.0441,False
,major,37,0.0441,False
,personnel,37,0.0441,False
,bruxelles,37,0.0441,False
,accompagne,37,0.0441,False
,agence,37,0.0441,False
,coherence,37,0.0441,False
,concepts,37,0.0441,False
,qualifications,37,0.0441,False
,like,37,0.0441,False
,fluency,37,0.0441,False
http://data.europa.eu/esco/skill/2cc75284-f385-42d6-9b70-8262bc6c603a,paris,36,0.04291,True
,commerciaux,36,0.04291,False
,dashboards,36,0.04291,False
,assurance,36,0.04291,False
,conduct,36,0.04291,False
,experienced,36,0.04291,False
,aider,36,0.04291,False
,frameworks,36,0.04291,False
,preparing,36,0.04291,False
,updates,36,0.04291,False
,corporate,36,0.04291,False
,mechanical,36,0.04291,False
,willingness,36,0.04291,False
,being,36,0.04291,False
,school,36,0.04291,False
,interlocuteurs,36,0.04291,False
,supports,36,0.04291,False
,experiences,36,0.04291,False
,oriente,36,0.04291,False
,tu,36,0.04291,False
,carbon,36,0.04291,False
,mener,36,0.04291,False
,data analysis,36,0.04291,False
,marches,36,0.04291,False
,excellente,36,0.04291,False
,locale,36,0.04291,False
,contrats,35,0.04172,False
,standard,35,0.04172,False
,efficient,35,0.04172,False
,engage,35,0.04172,False
,points,35,0.04172,False
,requests,35,0.04172,False
,under,35,0.04172,False
,directly,35,0.04172,False
,azure,35,0.04172,False
,spoken,35,0.04172,False
,german,35,0.04172,False
,order,35,0.04172,False
,hoc,35,0.04172,False
,deux,35,0.04172,False
,effectuer,35,0.04172,False
,construire,35,0.04172,False
,faites,35,0.04172,False
,problematiques,35,0.04172,False
,edge,35,0.04172,False
,effective,35,0.04172,False
,disponibilite,35,0.04172,False
,departments,35,0.04172,False
,matiere,35,0.04172,False
,spirit,35,0.04172,False
,diversite,35,0.04172,False
,ambitieux,35,0.04172,False
,specific,35,0.04172,False
,veiller,35,0.04172,False
,aspects,34,0.04052,False
,exploitation,34,0.04052,False
,promote,34,0.04052,False
,any,34,0.04052,False
,participating,34,0.04052,False
,areas,34,0.04052,False
,topics,34,0.04052,False
,background,34,0.04052,False
,top,34,0.04052,False
,objectives,34,0.04052,False
,proactivite,34,0.04052,False
,achats,34,0.04052,False
,internationaux,34,0.04052,False
,couramment,34,0.04052,False
,details,34,0.04052,False
,maniere,34,0.04052,False
,changement,34,0.04052,False
,dont,34,0.04052,False
,fonctions,34,0.04052,False
,bureau,34,0.04052,False
,relationships,34,0.04052,False
,acquisition,34,0.04052,False
,companies,34,0.04052,False
,diversity,34,0.04052,False
,appels,34,0.04052,False
,former,34,0.04052,False
,externes,34,0.04052,False
http://data.europa.eu/esco/skill/e843973c-23dd-416a-8a9c-9e89512542fb,logistique,33,0.03933,True
http://data.europa.eu/esco/skill/650f44e2-cb4c-41ba-9095-581fe6bea4b1,coordonner les activités dachat,33,0.03933,True
http://data.europa.eu/esco/skill/c7d64df4-7af3-4269-add6-97833bd5448e,gérer un cycle dachat,33,0.03933,True
,general,33,0.03933,False
,terme,33,0.03933,False
,minded,33,0.03933,False
,capabilities,33,0.03933,False
,deep,33,0.03933,False
,programme,33,0.03933,False
,participerez,33,0.03933,False
,center,33,0.03933,False
,departement,33,0.03933,False
,evaluation,33,0.03933,False
,execute,33,0.03933,False
,divers,33,0.03933,False
,important,33,0.03933,False
,ventes,33,0.03933,False
,travaux,33,0.03933,False
,multiculturel,33,0.03933,False
,tableaux,33,0.03933,False
,throughout,33,0.03933,False
,avons,33,0.03933,False
,confiance,33,0.03933,False
,stimulant,33,0.03933,False
,durable,33,0.03933,False
,operationnels,33,0.03933,False
,envergure,33,0.03933,False
,procurement,33,0.03933,False
,bord,33,0.03933,False
,reference,32,0.03814,False
,line,32,0.03814,False
,implementing,32,0.03814,False
,functions,32,0.03814,False
,organized,32,0.03814,False
,feedback,32,0.03814,False
,needed,32,0.03814,False
,pointe,32,0.03814,False
,procedes,32,0.03814,False
,own,32,0.03814,False
,spanish,32,0.03814,False
,reliable,32,0.03814,False
,security,32,0.03814,False
,operating,32,0.03814,False
,tool,32,0.03814,False
,livrables,32,0.03814,False
,marques,32,0.03814,False
,ressources,32,0.03814,False
,espagne,32,0.03814,False
,disposez,32,0.03814,False
,universitaire,32,0.03814,False
,electricite,32,0.03814,False
,ia,32,0.03814,False
,installations,32,0.03814,False
,european,32,0.03814,False
,advantage,32,0.03814,False
,principalement,32,0.03814,False
,relationnelles,32,0.03814,False
,cv,32,0.03814,False
,merci,32,0.03814,False
,justifiez,32,0.03814,False
,operate,32,0.03814,False
,reduction,32,0.03814,False
,linux,32,0.03814,False
,superieure,31,0.03695,False
,universite,31,0.03695,False
,costs,31,0.03695,False
,sense,31,0.03695,False
,together,31,0.03695,False
,paced,31,0.03695,False
,specialist,31,0.03695,False
,ideal,31,0.03695,False
,technologiques,31,0.03695,False
,cause,31,0.03695,False
,curious,31,0.03695,False
,programming,31,0.03695,False
,model,31,0.03695,False
,sharing,31,0.03695,False
,they,31,0.03695,False
,research,31,0.03695,False
,electrical,31,0.03695,False
,them,31,0.03695,False
,installation,31,0.03695,False
,lancement,31,0.03695,False
,electrique,31,0.03695,False
,humaines,31,0.03695,False
,cutting,31,0.03695,False
,fonctionnement,31,0.03695,False
,back,31,0.03695,False
,alongside,31,0.03695,False
,apres,31,0.03695,False
,politiques,31,0.03695,False
,certification,31,0.03695,False
,atouts,31,0.03695,False
,salons,31,0.03695,False
,technologie,31,0.03695,False
,reliability,31,0.03695,False
,propos,30,0.03576,False
,budgets,30,0.03576,False
,division,30,0.03576,False
,ideally,30,0.03576,False
,workshops,30,0.03576,False
,personal,30,0.03576,False
,update,30,0.03576,False
,abilities,30,0.03576,False
,post,30,0.03576,False
,smooth,30,0.03576,False
,generation,30,0.03576,False
,hr,30,0.03576,False
,previous,30,0.03576,False
,creativite,30,0.03576,False
,infrastructures,30,0.03576,False
,proposals,30,0.03576,False
,lifecycle,30,0.03576,False
,pole,30,0.03576,False
,ambition,30,0.03576,False
,incidents,30,0.03576,False
,country,30,0.03576,False
,policies,30,0.03576,False
,human,30,0.03576,False
,timely,30,0.03576,False
,outil,30,0.03576,False
,interfaces,30,0.03576,False
,specialise,30,0.03576,False
,nice,30,0.03576,False
,elaboration,30,0.03576,False
,ve,30,0.03576,False
,api,30,0.03576,False
,designing,30,0.03576,False
,focused,30,0.03576,False
,postes,30,0.03576,False
http://data.europa.eu/esco/skill/797a4416-0b8d-44f3-8fcd-eb10bd0be6b4,développer un prototype de logiciel,29,0.03456,True
,traitement,29,0.03456,False
,perimetre,29,0.03456,False
,structurer,29,0.03456,False
,additional,29,0.03456,False
,resources,29,0.03456,False
,methods,29,0.03456,False
,proficient,29,0.03456,False
,how,29,0.03456,False
,most,29,0.03456,False
,access,29,0.03456,False
,changes,29,0.03456,False
,plant,29,0.03456,False
,trends,29,0.03456,False
,actuellement,29,0.03456,False
,negociation,29,0.03456,False
,jeune,29,0.03456,False
,usage,29,0.03456,False
,flow,29,0.03456,False
,possedez,29,0.03456,False
,central,29,0.03456,False
,pret,29,0.03456,False
,www,29,0.03456,False
,etude,29,0.03456,False
,adaptable,29,0.03456,False
,don,29,0.03456,False
,events,29,0.03456,False
,roles,29,0.03456,False
,integrity,29,0.03456,False
,afrique,29,0.03456,False
,interventions,29,0.03456,False
,developpeur,29,0.03456,False
,plateforme,29,0.03456,False
,way,29,0.03456,False
,defense,29,0.03456,False
,cabinet,29,0.03456,False
,google,29,0.03456,False
,transverse,29,0.03456,False
,bring,29,0.03456,False
http://data.europa.eu/esco/skill/9d2e926f-53d9-41f5-98f3-19dfaa687f3f,outils de gestion de configuration logicielle,28,0.03337,True
,logistics,28,0.03337,False
,recruitment,28,0.03337,False
,actively,28,0.03337,False
,deadlines,28,0.03337,False
,cultures,28,0.03337,False
,adoption,28,0.03337,False
,proven,28,0.03337,False
,range,28,0.03337,False
,date,28,0.03337,False
,identifying,28,0.03337,False
,networks,28,0.03337,False
,elements,28,0.03337,False
,bureaux,28,0.03337,False
,flexible,28,0.03337,False
,integre,28,0.03337,False
,health,28,0.03337,False
,avancement,28,0.03337,False
,possibilite,28,0.03337,False
,soit,28,0.03337,False
,contracts,28,0.03337,False
,equipment,28,0.03337,False
,platform,28,0.03337,False
,preferably,28,0.03337,False
,ready,28,0.03337,False
,translate,28,0.03337,False
,passionne,28,0.03337,False
,guarantee,28,0.03337,False
,get,28,0.03337,False
,efficacement,28,0.03337,False
,partage,28,0.03337,False
,livraison,28,0.03337,False
,mettant,28,0.03337,False
,transverses,28,0.03337,False
,apis,28,0.03337,False
,relationnelle,28,0.03337,False
,creating,28,0.03337,False
,head,28,0.03337,False
,valorise,28,0.03337,False
,solide,28,0.03337,False
,personnalise,28,0.03337,False
http://data.europa.eu/esco/skill/19a8293b-8e95-4de3-983f-77484079c389,java programmation informatique,27,0.03218,True
,humaine,27,0.03218,False
,adaptees,27,0.03218,False
,reussite,27,0.03218,False
,levels,27,0.03218,False
,digitalization,27,0.03218,False
,indicators,27,0.03218,False
,accurate,27,0.03218,False
,java,27,0.03218,False
,gain,27,0.03218,False
,models,27,0.03218,False
,young,27,0.03218,False
,around,27,0.03218,False
,assister,27,0.03218,False
,atteindre,27,0.03218,False
,fr,27,0.03218,False
,https,27,0.03218,False
,permis,27,0.03218,False
,peuvent,27,0.03218,False
,financieres,27,0.03218,False
,participez,27,0.03218,False
,disposition,27,0.03218,False
,ecoute,27,0.03218,False
,ownership,27,0.03218,False
,writing,27,0.03218,False
,national,27,0.03218,False
,autre,27,0.03218,False
,regulations,27,0.03218,False
,regles,27,0.03218,False
,reguliers,27,0.03218,False
,3d,27,0.03218,False
,entretiens,27,0.03218,False
,aeronautique,27,0.03218,False
,choix,27,0.03218,False
,architectures,27,0.03218,False
,skill,27,0.03218,False
,works,27,0.03218,False
,ouverture,27,0.03218,False
,facilitate,27,0.03218,False
,specifically,27,0.03218,False
,look,27,0.03218,False
,expect,27,0.03218,False
http://data.europa.eu/esco/skill/ecc18804-a466-40d9-98b4-fba5cd67dd4b,comptabilité,26,0.03099,True
,b2b,26,0.03099,False
,interaction,26,0.03099,False
,plateformes,26,0.03099,False
,officer,26,0.03099,False
,train,26,0.03099,False
,scale,26,0.03099,False
,pipeline,26,0.03099,False
,cd,26,0.03099,False
,docker,26,0.03099,False
,questions,26,0.03099,False
,multidisciplinary,26,0.03099,False
,permettant,26,0.03099,False
,markets,26,0.03099,False
,legal,26,0.03099,False
,ameliorations,26,0.03099,False
,personne,26,0.03099,False
,potentiels,26,0.03099,False
,principal,26,0.03099,False
,significative,26,0.03099,False
,canada,26,0.03099,False
,speaking,26,0.03099,False
,ateliers,26,0.03099,False
,iso,26,0.03099,False
,electronique,26,0.03099,False
,issue,26,0.03099,False
,sante,26,0.03099,False
,accuracy,26,0.03099,False
,accounting,26,0.03099,False
,greener,26,0.03099,False
,inclusive,26,0.03099,False
,purchasing,26,0.03099,False
,speed,26,0.03099,False
,modele,26,0.03099,False
,helping,26,0.03099,False
,abroad,26,0.03099,False
,europeen,26,0.03099,False
,programmes,26,0.03099,False
,assistance,26,0.03099,False
,parlez,26,0.03099,False
,values,26,0.03099,False
,economics,26,0.03099,False
,want,26,0.03099,False
,besoin,26,0.03099,False
,administrative,26,0.03099,False
,selection,26,0.03099,False
http://data.europa.eu/esco/skill/3cbe8b8d-69ba-4faa-9a7c-4cb95769df88,politique,25,0.0298,True
,mises,25,0.0298,False
,francaise,25,0.0298,False
,logement,25,0.0298,False
,materiel,25,0.0298,False
,montee,25,0.0298,False
,partenaire,25,0.0298,False
,care,25,0.0298,False
,case,25,0.0298,False
,involved,25,0.0298,False
,set,25,0.0298,False
,lean,25,0.0298,False
,mieux,25,0.0298,False
,professionals,25,0.0298,False
,activity,25,0.0298,False
,creative,25,0.0298,False
,chantier,25,0.0298,False
,candidats,25,0.0298,False
,energies,25,0.0298,False
,tes,25,0.0298,False
,reduce,25,0.0298,False
,ecosystem,25,0.0298,False
,owner,25,0.0298,False
,thrive,25,0.0298,False
,components,25,0.0298,False
,produce,25,0.0298,False
,rigorous,25,0.0298,False
,here,25,0.0298,False
,term,25,0.0298,False
,check,25,0.0298,False
,organize,25,0.0298,False
,ca,25,0.0298,False
,clean,25,0.0298,False
,interviendrez,25,0.0298,False
,titulaire,25,0.0298,False
,entretien,25,0.0298,False
,rh,25,0.0298,False
,deja,25,0.0298,False
,modeles,25,0.0298,False
,fonctionnalites,25,0.0298,False
,mondial,25,0.0298,False
,independently,25,0.0298,False
,volonte,25,0.0298,False
,rest,25,0.0298,False
,tailored,25,0.0298,False
,approvisionnement,25,0.0298,False
,milieu,25,0.0298,False
,ligne,25,0.0298,False
,devenir,25,0.0298,False
,deployer,25,0.0298,False
,ambiance,25,0.0298,False
http://data.europa.eu/esco/skill/3cd569a2-4f88-4c1e-9995-8dce8c5e51a7,javascript,24,0.02861,True
http://data.europa.eu/esco/skill/70198e4e-86ad-4acc-a9eb-e24e2c107d18,machines,24,0.02861,True
,approfondie,24,0.02861,False
,environ,24,0.02861,False
,partir,24,0.02861,False
,periode,24,0.02861,False
,practical,24,0.02861,False
,secure,24,0.02861,False
,tendances,24,0.02861,False
,instructions,24,0.02861,False
,net,24,0.02861,False
,achieve,24,0.02861,False
,passionate,24,0.02861,False
,recommendations,24,0.02861,False
,difference,24,0.02861,False
,anticiper,24,0.02861,False
,permet,24,0.02861,False
,particulier,24,0.02861,False
,es,24,0.02861,False
,current,24,0.02861,False
,awareness,24,0.02861,False
,initial,24,0.02861,False
,industrielles,24,0.02861,False
,mobilite,24,0.02861,False
,resoudre,24,0.02861,False
,stakeholder,24,0.02861,False
,evolutions,24,0.02861,False
,motive,24,0.02861,False
,veritable,24,0.02861,False
,haute,24,0.02861,False
,programmation,24,0.02861,False
,contraintes,24,0.02861,False
,produire,24,0.02861,False
,rapidement,24,0.02861,False
,adapt,24,0.02861,False
,clearly,24,0.02861,False
,compris,24,0.02861,False
,potentiel,24,0.02861,False
,reel,24,0.02861,False
,humain,24,0.02861,False
,economie,24,0.02861,False
,specifiques,24,0.02861,False
,profils,24,0.02861,False
,structures,24,0.02861,False
,member,24,0.02861,False
,belgique,24,0.02861,False
,right,24,0.02861,False
,etat,24,0.02861,False
,similaire,24,0.02861,False
,successful,24,0.02861,False
,area,24,0.02861,False
,encore,24,0.02861,False
,studies,24,0.02861,False
,content,24,0.02861,False
,allemagne,23,0.02741,False
,efficace,23,0.02741,False
,energetique,23,0.02741,False
,internship,23,0.02741,False
,graduate,23,0.02741,False
,appui,23,0.02741,False
,productivity,23,0.02741,False
,source,23,0.02741,False
,status,23,0.02741,False
,analyzing,23,0.02741,False
,contribuerez,23,0.02741,False
,simulation,23,0.02741,False
,firm,23,0.02741,False
,mitigation,23,0.02741,False
,usa,23,0.02741,False
,moteurs,23,0.02741,False
,departements,23,0.02741,False
,chiffre,23,0.02741,False
,automate,23,0.02741,False
,dedicated,23,0.02741,False
,optimizing,23,0.02741,False
,internationales,23,0.02741,False
,before,23,0.02741,False
,industrialisation,23,0.02741,False
,retours,23,0.02741,False
,inclusion,23,0.02741,False
,industries,23,0.02741,False
,public,23,0.02741,False
,safe,23,0.02741,False
,adherence,23,0.02741,False
,axes,23,0.02741,False
,verification,23,0.02741,False
,protocoles,23,0.02741,False
,grand,23,0.02741,False
,offrons,23,0.02741,False
,processing,23,0.02741,False
,nombreux,23,0.02741,False
,prix,23,0.02741,False
,situation,23,0.02741,False
,priorites,23,0.02741,False
,stages,23,0.02741,False
,europeenne,23,0.02741,False
,pratique,23,0.02741,False
,utiliser,23,0.02741,False
,pieces,23,0.02741,False
,succes,23,0.02741,False
,sustainability,23,0.02741,False
,elaborer,23,0.02741,False
,assurant,23,0.02741,False
,meilleures,23,0.02741,False
,ambitions,23,0.02741,False
,comptabilite,23,0.02741,False
,pipelines,23,0.02741,False
,think,23,0.02741,False
,annees,23,0.02741,False
,conseiller d’autres personnes,23,0.02741,False
,single,23,0.02741,False
,environmental,23,0.02741,False
http://data.europa.eu/esco/skill/bec4359e-cb92-468f-a997-8fb28e32fba9,méthodes de gestion de projets tic,22,0.02622,True
http://data.europa.eu/esco/skill/83218cac-3599-417e-93d2-26013cdccd98,modélisation orientée services,22,0.02622,True
,revues,22,0.02622,False
,dimension,22,0.02622,False
,echanges,22,0.02622,False
,already,22,0.02622,False
,liaison,22,0.02622,False
,account,22,0.02622,False
,deliverables,22,0.02622,False
,proactif,22,0.02622,False
,front,22,0.02622,False
,qa,22,0.02622,False
,share,22,0.02622,False
,assess,22,0.02622,False
,calcul,22,0.02622,False
,etroitement,22,0.02622,False
,evaluer,22,0.02622,False
,modelisation,22,0.02622,False
,controller,22,0.02622,False
,ideas,22,0.02622,False
,necessary,22,0.02622,False
,protection,22,0.02622,False
,community,22,0.02622,False
,specialization,22,0.02622,False
,pourrez,22,0.02622,False
,eau,22,0.02622,False
,etranger,22,0.02622,False
,existantes,22,0.02622,False
,coordinator,22,0.02622,False
,promouvoir,22,0.02622,False
,bridge,22,0.02622,False
,university,22,0.02622,False
,love,22,0.02622,False
,rapide,22,0.02622,False
,autocad,22,0.02622,False
,members,22,0.02622,False
,negocier,22,0.02622,False
,mettre en œuvre le design front end d’un site web,22,0.02622,False
,schéma de conception d’interface utilisateur,22,0.02622,False
,destination,22,0.02622,False
,grandes,22,0.02622,False
,requises,22,0.02622,False
,mesures,22,0.02622,False
,framework,22,0.02622,False
,retour,22,0.02622,False
,filiales,22,0.02622,False
,analytiques,22,0.02622,False
,amazon web services,22,0.02622,False
,aws,22,0.02622,False
,reussir,22,0.02622,False
,closing,22,0.02622,False
,robust,22,0.02622,False
,configuration,22,0.02622,False
,become,22,0.02622,False
,comprehensive,22,0.02622,False
,material,22,0.02622,False
,so,22,0.02622,False
,equal,22,0.02622,False
,everyone,22,0.02622,False
,colleagues,22,0.02622,False
,correctives,22,0.02622,False
,go,21,0.02503,False
,propositions,21,0.02503,False
,communications,21,0.02503,False
,contractual,21,0.02503,False
,graduated,21,0.02503,False
,innovations,21,0.02503,False
,tomorrow,21,0.02503,False
,terms,21,0.02503,False
,sessions,21,0.02503,False
,users,21,0.02503,False
,shape,21,0.02503,False
,no,21,0.02503,False
,made,21,0.02503,False
,mobile,21,0.02503,False
,ex,21,0.02503,False
,digitaux,21,0.02503,False
,interactions,21,0.02503,False
,pack,21,0.02503,False
,video,21,0.02503,False
,apprentissage,21,0.02503,False
,fortes,21,0.02503,False
,capital,21,0.02503,False
,collect,21,0.02503,False
,workplace,21,0.02503,False
,apprecie,21,0.02503,False
,assure,21,0.02503,False
,commitment,21,0.02503,False
,visibility,21,0.02503,False
,co,21,0.02503,False
,pouvoir,21,0.02503,False
,employer,21,0.02503,False
,reponse,21,0.02503,False
,analyste,21,0.02503,False
,medical,21,0.02503,False
,prioritize,21,0.02503,False
,territoire,21,0.02503,False
,extia,21,0.02503,False
,conduire,21,0.02503,False
,linkedin,21,0.02503,False
,designs,21,0.02503,False
,reconnu,21,0.02503,False
,licence,21,0.02503,False
,cours,21,0.02503,False
,postuler,21,0.02503,False
,internet,21,0.02503,False
,especially,21,0.02503,False
,benefits,21,0.02503,False
,validate,21,0.02503,False
,joining,21,0.02503,False
,ecarts,21,0.02503,False
,machine,21,0.02503,False
,resolve,21,0.02503,False
,scripting,21,0.02503,False
,assets,21,0.02503,False
,corrective,21,0.02503,False
,handle,21,0.02503,False
,sectors,21,0.02503,False
,united,21,0.02503,False
,automobile,21,0.02503,False
,challenger,21,0.02503,False
,celle,21,0.02503,False
,repose,21,0.02503,False
,banque,20,0.02384,False
,peut,20,0.02384,False
,reactivite,20,0.02384,False
,recommandations,20,0.02384,False
,taille,20,0.02384,False
,demonstrations,20,0.02384,False
,heart,20,0.02384,False
,continuously,20,0.02384,False
,troubleshooting,20,0.02384,False
,includes,20,0.02384,False
,organizations,20,0.02384,False
,seeking,20,0.02384,False
,strengthen,20,0.02384,False
,consistency,20,0.02384,False
,scientifique,20,0.02384,False
,after,20,0.02384,False
,accounts,20,0.02384,False
,requires,20,0.02384,False
,contenus,20,0.02384,False
,sociaux,20,0.02384,False
,profit,20,0.02384,False
,regulierement,20,0.02384,False
,uni,20,0.02384,False
,principale,20,0.02384,False
,capacity,20,0.02384,False
,incident,20,0.02384,False
,rigor,20,0.02384,False
,garant,20,0.02384,False
,traitants,20,0.02384,False
,primary,20,0.02384,False
,alors,20,0.02384,False
,salaries,20,0.02384,False
,ton,20,0.02384,False
,hard,20,0.02384,False
,plants,20,0.02384,False
,modules,20,0.02384,False
,detailed,20,0.02384,False
,quickly,20,0.02384,False
,economique,20,0.02384,False
,generale,20,0.02384,False
,record,20,0.02384,False
,meaningful,20,0.02384,False
,patterns,20,0.02384,False
,ups,20,0.02384,False
,conduite,20,0.02384,False
,fonctionnelles,20,0.02384,False
,note,20,0.02384,False
,materiaux,20,0.02384,False
,issu,20,0.02384,False
,etablir,20,0.02384,False
,gérer le système normalisé de planification des ressources d'une entreprise,20,0.02384,False
,millions,20,0.02384,False
,essential,20,0.02384,False
,operation,20,0.02384,False
,partager,20,0.02384,False
,connexe,20,0.02384,False
,stay,20,0.02384,False
,run,20,0.02384,False
,renforcement,20,0.02384,False
,cars,20,0.02384,False
,trust,20,0.02384,False
,step,20,0.02384,False
,portugal,20,0.02384,False
,forward,20,0.02384,False
http://data.europa.eu/esco/skill/cde9911c-f92e-4de1-811f-336e177ac4ce,chimie,19,0.02265,True
,liste,19,0.02265,False
,reglementaire,19,0.02265,False
,attentes,19,0.02265,False
,basees,19,0.02265,False
,batiment,19,0.02265,False
,globale,19,0.02265,False
,remontee,19,0.02265,False
,staff,19,0.02265,False
,dutch,19,0.02265,False
,pharmaceutical,19,0.02265,False
,pricing,19,0.02265,False
,travaillerez,19,0.02265,False
,increase,19,0.02265,False
,stack,19,0.02265,False
,supportive,19,0.02265,False
,evolving,19,0.02265,False
,owners,19,0.02265,False
,combine,19,0.02265,False
,located,19,0.02265,False
,modeling,19,0.02265,False
,controleur,19,0.02265,False
,export,19,0.02265,False
,relationship,19,0.02265,False
,two,19,0.02265,False
,automated,19,0.02265,False
,visibilite,19,0.02265,False
,orale,19,0.02265,False
,royaume,19,0.02265,False
,hse,19,0.02265,False
,recognized,19,0.02265,False
,aventure,19,0.02265,False
,monter,19,0.02265,False
,equivalente,19,0.02265,False
,flexibilite,19,0.02265,False
,executive,19,0.02265,False
,problems,19,0.02265,False
,very,19,0.02265,False
,independent,19,0.02265,False
,controler,19,0.02265,False
,disponible,19,0.02265,False
,completed,19,0.02265,False
,pharmaceutique,19,0.02265,False
,permanent,19,0.02265,False
,professionnelles,19,0.02265,False
,rendre,19,0.02265,False
,cybersecurite,19,0.02265,False
,reglementaires,19,0.02265,False
,pro,19,0.02265,False
,chaine,19,0.02265,False
,interviennent,19,0.02265,False
,technicien,19,0.02265,False
,verifier,19,0.02265,False
,emploi,19,0.02265,False
,handicap,19,0.02265,False
,remonter,19,0.02265,False
,sources,19,0.02265,False
,associated,19,0.02265,False
,now,19,0.02265,False
,autonomously,19,0.02265,False
,rentabilite,19,0.02265,False
,integrate,19,0.02265,False
,modern,19,0.02265,False
,applying,19,0.02265,False
,america,19,0.02265,False
,academic,19,0.02265,False
,outcomes,19,0.02265,False
,meeting,19,0.02265,False
,evaluate,19,0.02265,False
,parle,19,0.02265,False
,innovant,19,0.02265,False
,pendant,19,0.02265,False
,smarter,19,0.02265,False
,succeed,19,0.02265,False
,trains,19,0.02265,False
,ferroviaire,19,0.02265,False
,epanouir,19,0.02265,False
,insurance,19,0.02265,False
,aura,18,0.02145,False
,directe,18,0.02145,False
,deviations,18,0.02145,False
,guidelines,18,0.02145,False
,hold,18,0.02145,False
,off,18,0.02145,False
,overall,18,0.02145,False
,suisse,18,0.02145,False
,interact,18,0.02145,False
,root,18,0.02145,False
,jira,18,0.02145,False
,mondiale,18,0.02145,False
,proximite,18,0.02145,False
,controlling,18,0.02145,False
,location,18,0.02145,False
,preventive,18,0.02145,False
,trade,18,0.02145,False
,redactionnelles,18,0.02145,False
,comptables,18,0.02145,False
,ouvert,18,0.02145,False
,sociale,18,0.02145,False
,italie,18,0.02145,False
,diploma,18,0.02145,False
,titre,18,0.02145,False
,targets,18,0.02145,False
,cahiers,18,0.02145,False
,electriques,18,0.02145,False
,suivant,18,0.02145,False
,journey,18,0.02145,False
,oversee,18,0.02145,False
,conseiller,18,0.02145,False
,participe,18,0.02145,False
,permettre,18,0.02145,False
,propre,18,0.02145,False
,prospecter,18,0.02145,False
,stocks,18,0.02145,False
,function,18,0.02145,False
,credit,18,0.02145,False
,candidates,18,0.02145,False
,cities,18,0.02145,False
,food,18,0.02145,False
,souhaitee,18,0.02145,False
,technico,18,0.02145,False
,transfert,18,0.02145,False
,egalite,18,0.02145,False
,appuyer,18,0.02145,False
,economiques,18,0.02145,False
,notes,18,0.02145,False
,suivants,18,0.02145,False
,eventuelles,18,0.02145,False
,nouveau,18,0.02145,False
,rapport,18,0.02145,False
,metrics,18,0.02145,False
,annee,18,0.02145,False
,constante,18,0.02145,False
,dispositifs,18,0.02145,False
,database,18,0.02145,False
,independant,18,0.02145,False
,connecting,18,0.02145,False
,wide,18,0.02145,False
,budgetaire,18,0.02145,False
,dynamiques,18,0.02145,False
,intervenir,18,0.02145,False
,etats,18,0.02145,False
,challenging,18,0.02145,False
,only,18,0.02145,False
,please,18,0.02145,False
,healthcare,18,0.02145,False
,utilisant,18,0.02145,False
,vrai,18,0.02145,False
,availability,18,0.02145,False
,conversion,18,0.02145,False
,chantiers,18,0.02145,False
,acces,18,0.02145,False
http://data.europa.eu/esco/skill/65e58886-bd1e-4c5b-8ca5-8d9b353c8aa1,logiciel de visualisation des données,17,0.02026,True
http://data.europa.eu/esco/skill/c95c29fe-3971-46b7-80e9-1f7e75ba99b3,utiliser un logiciel danalyse de données spécifique,17,0.02026,True
,droit,17,0.02026,False
,revue,17,0.02026,False
,fortement,17,0.02026,False
,integrated,17,0.02026,False
,gas,17,0.02026,False
,weekly,17,0.02026,False
,let,17,0.02026,False
,assessments,17,0.02026,False
,seamless,17,0.02026,False
,airbus,17,0.02026,False
,each,17,0.02026,False
,internships,17,0.02026,False
,lines,17,0.02026,False
,databases,17,0.02026,False
,assisting,17,0.02026,False
,defined,17,0.02026,False
,next,17,0.02026,False
,server,17,0.02026,False
,shared,17,0.02026,False
,actionable,17,0.02026,False
,duration,17,0.02026,False
,fully,17,0.02026,False
,family,17,0.02026,False
,proper,17,0.02026,False
,telephone,17,0.02026,False
,expected,17,0.02026,False
,sharepoint,17,0.02026,False
,promotion,17,0.02026,False
,electronics,17,0.02026,False
,packaging,17,0.02026,False
,assurez,17,0.02026,False
,consolidation,17,0.02026,False
,travaillez,17,0.02026,False
,discussions,17,0.02026,False
,facing,17,0.02026,False
,depasser,17,0.02026,False
,forme,17,0.02026,False
,stock,17,0.02026,False
,continents,17,0.02026,False
,goals,17,0.02026,False
,banking,17,0.02026,False
,reportings,17,0.02026,False
,types,17,0.02026,False
,jobs,17,0.02026,False
,positions,17,0.02026,False
,balance,17,0.02026,False
,employee,17,0.02026,False
,controls,17,0.02026,False
,adaptabilite,17,0.02026,False
,adaptes,17,0.02026,False
,assistant,17,0.02026,False
,detection,17,0.02026,False
,orientee,17,0.02026,False
,scalable,17,0.02026,False
,face,17,0.02026,False
,responsables,17,0.02026,False
,artificielle,17,0.02026,False
,meme,17,0.02026,False
,associes,17,0.02026,False
,appreciees,17,0.02026,False
,etapes,17,0.02026,False
,gouvernance,17,0.02026,False
,exemple,17,0.02026,False
,souhaite,17,0.02026,False
,garantissant,17,0.02026,False
,according,17,0.02026,False
,leveraging,17,0.02026,False
,cases,17,0.02026,False
,buyer,17,0.02026,False
,parts,17,0.02026,False
,facturation,17,0.02026,False
,appuyant,17,0.02026,False
,portez,17,0.02026,False
,three,17,0.02026,False
,impacts,17,0.02026,False
,powerbi,17,0.02026,False
,b1,17,0.02026,False
,package,17,0.02026,False
,beneficiez,17,0.02026,False
,humains,17,0.02026,False
http://data.europa.eu/esco/skill/1ffac4ac-fda7-407d-8ed1-ca8f4a8dc146,angular,16,0.01907,True
,bancaire,16,0.01907,False
,city,16,0.01907,False
,commandes,16,0.01907,False
,distributeurs,16,0.01907,False
,etroit,16,0.01907,False
,exposition,16,0.01907,False
,incluant,16,0.01907,False
,negociations,16,0.01907,False
,prealable,16,0.01907,False
,recruiting,16,0.01907,False
,flows,16,0.01907,False
,cooperation,16,0.01907,False
,involve,16,0.01907,False
,several,16,0.01907,False
,appreciated,16,0.01907,False
,features,16,0.01907,False
,discipline,16,0.01907,False
,diverses,16,0.01907,False
,prototypes,16,0.01907,False
,since,16,0.01907,False
,principaux,16,0.01907,False
,achat,16,0.01907,False
,cela,16,0.01907,False
,ensuite,16,0.01907,False
,etant,16,0.01907,False
,implique,16,0.01907,False
,ecrite,16,0.01907,False
,appreciez,16,0.01907,False
,sprint,16,0.01907,False
,avantages,16,0.01907,False
,generaliste,16,0.01907,False
,met,16,0.01907,False
,documenter,16,0.01907,False
,backlog,16,0.01907,False
,launch,16,0.01907,False
,serve,16,0.01907,False
,basis,16,0.01907,False
,automatisme,16,0.01907,False
,durabilite,16,0.01907,False
,image,16,0.01907,False
,usine,16,0.01907,False
,implantation,16,0.01907,False
,stockage,16,0.01907,False
,campagnes,16,0.01907,False
,aptitudes,16,0.01907,False
,setting,16,0.01907,False
,impactful,16,0.01907,False
,immediatement,16,0.01907,False
,chacun,16,0.01907,False
,double,16,0.01907,False
,publiques,16,0.01907,False
,find,16,0.01907,False
,forecasts,16,0.01907,False
,schemas,16,0.01907,False
,accelerer,16,0.01907,False
,email,16,0.01907,False
,executer,16,0.01907,False
,majeur,16,0.01907,False
,bruxelloise,16,0.01907,False
,metropole,16,0.01907,False
,essais,16,0.01907,False
,ete,16,0.01907,False
,administratifs,16,0.01907,False
,productivite,16,0.01907,False
,asie,16,0.01907,False
,euros,16,0.01907,False
,specialiste,16,0.01907,False
,investissement,16,0.01907,False
,luxembourg,16,0.01907,False
,bureautiques,16,0.01907,False
,langages,16,0.01907,False
,individual,16,0.01907,False
,candidater,16,0.01907,False
,entites,16,0.01907,False
,definies,16,0.01907,False
,mensuel,16,0.01907,False
,previsions,16,0.01907,False
,coordinateur,16,0.01907,False
,commissioning,16,0.01907,False
,entire,16,0.01907,False
,facilement,16,0.01907,False
,institutions,16,0.01907,False
,hybrid,16,0.01907,False
,defining,16,0.01907,False
,volontariat,16,0.01907,False
,duties,16,0.01907,False
,leaders,16,0.01907,False
,desirable,16,0.01907,False
,interpret,16,0.01907,False
,north,16,0.01907,False
,curiosity,16,0.01907,False
,windows,16,0.01907,False
,constamment,16,0.01907,False
,transformer,16,0.01907,False
,low,16,0.01907,False
,germany,16,0.01907,False
,target,16,0.01907,False
,interested,16,0.01907,False
,hear,16,0.01907,False
,brand,16,0.01907,False
,proactively,16,0.01907,False
,structuring,16,0.01907,False
,established,16,0.01907,False
,rail,16,0.01907,False
,signalling,16,0.01907,False
,scripts,16,0.01907,False
http://data.europa.eu/esco/skill/87219dfe-a21c-4160-8cc8-1eabf9b16b44,italien,15,0.01788,True
,entite,15,0.01788,False
,actuels,15,0.01788,False
,logicielles,15,0.01788,False
,reconnue,15,0.01788,False
,recrute,15,0.01788,False
,reguliere,15,0.01788,False
,trois,15,0.01788,False
,final,15,0.01788,False
,roadmap,15,0.01788,False
,salesforce,15,0.01788,False
,entities,15,0.01788,False
,organizing,15,0.01788,False
,templates,15,0.01788,False
,used,15,0.01788,False
,completion,15,0.01788,False
,gamme,15,0.01788,False
,implementer,15,0.01788,False
,numerique,15,0.01788,False
,numeriques,15,0.01788,False
,scientific,15,0.01788,False
,strengthening,15,0.01788,False
,supported,15,0.01788,False
,media,15,0.01788,False
,nord,15,0.01788,False
,europeens,15,0.01788,False
,renouvelable,15,0.01788,False
,sensibilite,15,0.01788,False
,nouvelle,15,0.01788,False
,another,15,0.01788,False
,deploy,15,0.01788,False
,last,15,0.01788,False
,transportation,15,0.01788,False
,cloture,15,0.01788,False
,cotes,15,0.01788,False
,pleinement,15,0.01788,False
,situations,15,0.01788,False
,chemical,15,0.01788,False
,critiques,15,0.01788,False
,faciliter,15,0.01788,False
,concoit,15,0.01788,False
,composants,15,0.01788,False
,termes,15,0.01788,False
,influence,15,0.01788,False
,tooling,15,0.01788,False
,significant,15,0.01788,False
,importance,15,0.01788,False
,conformement,15,0.01788,False
,logistiques,15,0.01788,False
,relever,15,0.01788,False
,investment,15,0.01788,False
,providers,15,0.01788,False
,things,15,0.01788,False
,executing,15,0.01788,False
,multinational,15,0.01788,False
,fluide,15,0.01788,False
,laboratory,15,0.01788,False
,complementaires,15,0.01788,False
,echelle,15,0.01788,False
,fonctionnels,15,0.01788,False
,privilegie,15,0.01788,False
,agricole,15,0.01788,False
,entretenir,15,0.01788,False
,francaises,15,0.01788,False
,aptitude,15,0.01788,False
,ont,15,0.01788,False
,organisations,15,0.01788,False
,pres,15,0.01788,False
,traverse,15,0.01788,False
,notions,15,0.01788,False
,cao,15,0.01788,False
,scenarios,15,0.01788,False
,overview,15,0.01788,False
,handling,15,0.01788,False
,particularly,15,0.01788,False
,prestataires,15,0.01788,False
,conferences,15,0.01788,False
,publics,15,0.01788,False
,referentiels,15,0.01788,False
,totalenergies,15,0.01788,False
,campaigns,15,0.01788,False
,cree,15,0.01788,False
,generative,15,0.01788,False
,accelerate,15,0.01788,False
,benefit,15,0.01788,False
,protocols,15,0.01788,False
,unis,15,0.01788,False
,agences,15,0.01788,False
,regulieres,15,0.01788,False
,certifications,15,0.01788,False
,skilled,15,0.01788,False
,fields,15,0.01788,False
,agir,15,0.01788,False
,superviser,15,0.01788,False
,better,15,0.01788,False
,technological,15,0.01788,False
,powered,15,0.01788,False
,simple,15,0.01788,False
,unitaires,15,0.01788,False
,valorisees,15,0.01788,False
,enthusiast,15,0.01788,False
,instead,15,0.01788,False
,listed,15,0.01788,False
,proud,15,0.01788,False
,teammates,15,0.01788,False
,guidance,15,0.01788,False
,alstom,15,0.01788,False
,broadest,15,0.01788,False
,metros,15,0.01788,False
,monorails,15,0.01788,False
,moves,15,0.01788,False
,replace,15,0.01788,False
,trams,15,0.01788,False
,turnkey,15,0.01788,False
,stimulants,15,0.01788,False
,gather,15,0.01788,False
,exciting,15,0.01788,False
,variety,15,0.01788,False
,engageons,15,0.01788,False
,facile,15,0.01788,False
http://data.europa.eu/esco/skill/8ed07ebb-50de-4498-9f31-710e9036af4b,montage,14,0.01669,True
http://data.europa.eu/esco/skill/ab1e97ed-2319-4293-a8b7-072d2648822f,oracle,14,0.01669,True
http://data.europa.eu/esco/skill/69bbd53f-fbb0-4476-b4b2-ef7844464e28,programmation web,14,0.01669,True
,conseils,14,0.01669,False
,assigned,14,0.01669,False
,assignment,14,0.01669,False
,demanding,14,0.01669,False
,listening,14,0.01669,False
,standardization,14,0.01669,False
,chemistry,14,0.01669,False
,locations,14,0.01669,False
,partnerships,14,0.01669,False
,depending,14,0.01669,False
,developers,14,0.01669,False
,developpant,14,0.01669,False
,durables,14,0.01669,False
,meets,14,0.01669,False
,tester,14,0.01669,False
,workflow,14,0.01669,False
,performing,14,0.01669,False
,know,14,0.01669,False
,per,14,0.01669,False
,south,14,0.01669,False
,subsidiary,14,0.01669,False
,boards,14,0.01669,False
,externe,14,0.01669,False
,diplomes,14,0.01669,False
,fin,14,0.01669,False
,fonctionnelle,14,0.01669,False
,preference,14,0.01669,False
,bas,14,0.01669,False
,environnementaux,14,0.01669,False
,gagner,14,0.01669,False
,maintenant,14,0.01669,False
,mis,14,0.01669,False
,nucleaire,14,0.01669,False
,prestations,14,0.01669,False
,visant,14,0.01669,False
,coaching,14,0.01669,False
,inventory,14,0.01669,False
,demarche,14,0.01669,False
,moyens,14,0.01669,False
,embarques,14,0.01669,False
,travaillant,14,0.01669,False
,quotidienne,14,0.01669,False
,aligned,14,0.01669,False
,enhancements,14,0.01669,False
,leads,14,0.01669,False
,deroulement,14,0.01669,False
,innovante,14,0.01669,False
,watch,14,0.01669,False
,cash,14,0.01669,False
,profiles,14,0.01669,False
,address,14,0.01669,False
,annual,14,0.01669,False
,keep,14,0.01669,False
,hub,14,0.01669,False
,resource,14,0.01669,False
,month,14,0.01669,False
,complet,14,0.01669,False
,concrets,14,0.01669,False
,depart,14,0.01669,False
,exigeant,14,0.01669,False
,premieres,14,0.01669,False
,doit,14,0.01669,False
,zones,14,0.01669,False
,reglementations,14,0.01669,False
,volume,14,0.01669,False
,integrite,14,0.01669,False
,automatiser,14,0.01669,False
,jours,14,0.01669,False
,candidatez,14,0.01669,False
,discute,14,0.01669,False
,extien,14,0.01669,False
,frontiere,14,0.01669,False
,novembre,14,0.01669,False
,ouvre,14,0.01669,False
,faisabilite,14,0.01669,False
,dimensionnement,14,0.01669,False
,solidworks,14,0.01669,False
,employes,14,0.01669,False
,centrales,14,0.01669,False
,devra,14,0.01669,False
,langue,14,0.01669,False
,unites,14,0.01669,False
,mensuels,14,0.01669,False
,version,14,0.01669,False
,big,14,0.01669,False
,inspections,14,0.01669,False
,manner,14,0.01669,False
,construit,14,0.01669,False
,successfully,14,0.01669,False
,sure,14,0.01669,False
,cultural,14,0.01669,False
,tresorerie,14,0.01669,False
,many,14,0.01669,False
,cycles,14,0.01669,False
,gitlab,14,0.01669,False
,kubernetes,14,0.01669,False
,milestones,14,0.01669,False
,age,14,0.01669,False
,decouvrir,14,0.01669,False
,dynamics,14,0.01669,False
,eu,14,0.01669,False
,prevoir,14,0.01669,False
,beyond,14,0.01669,False
,welcome,14,0.01669,False
,request,14,0.01669,False
,conformites,14,0.01669,False
,vendor,14,0.01669,False
,regulier,14,0.01669,False
,records,14,0.01669,False
,celebrates,14,0.01669,False
,friends,14,0.01669,False
,onto,14,0.01669,False
,entreprendre,14,0.01669,False
,interlocuteur,14,0.01669,False
,liberte,14,0.01669,False
,compelling,14,0.01669,False
,schedule,14,0.01669,False
,considered,14,0.01669,False
,turn,14,0.01669,False
,creativity,14,0.01669,False
,applique,14,0.01669,False
,devenez,14,0.01669,False
,give,14,0.01669,False
,cherchez,14,0.01669,False
,entreprenez,14,0.01669,False
,reconnait,14,0.01669,False
,remise,14,0.01669,False
,prenons,14,0.01669,False
,rendez,13,0.01549,False
,apprenticeship,13,0.01549,False
,schedules,13,0.01549,False
,subcontractors,13,0.01549,False
,timelines,13,0.01549,False
,africa,13,0.01549,False
,ways,13,0.01549,False
,gmp,13,0.01549,False
,transfer,13,0.01549,False
,provides,13,0.01549,False
,revenue,13,0.01549,False
,willing,13,0.01549,False
,precision,13,0.01549,False
,mapping,13,0.01549,False
,campus,13,0.01549,False
,efficaces,13,0.01549,False
,interagir,13,0.01549,False
,permettra,13,0.01549,False
,specialistes,13,0.01549,False
,forecasting,13,0.01549,False
,appropriate,13,0.01549,False
,operators,13,0.01549,False
,towards,13,0.01549,False
,agit,13,0.01549,False
,marges,13,0.01549,False
,faurecia,13,0.01549,False
,comite,13,0.01549,False
,enfin,13,0.01549,False
,instrumentation,13,0.01549,False
,causes,13,0.01549,False
,align,13,0.01549,False
,connect,13,0.01549,False
,demonstrated,13,0.01549,False
,regions,13,0.01549,False
,stability,13,0.01549,False
,aller,13,0.01549,False
,futur,13,0.01549,False
,ta,13,0.01549,False
,actual,13,0.01549,False
,regarding,13,0.01549,False
,latest,13,0.01549,False
,evaluations,13,0.01549,False
,route,13,0.01549,False
,financement,13,0.01549,False
,changements,13,0.01549,False
,references,13,0.01549,False
,nature,13,0.01549,False
,controles,13,0.01549,False
,neerlandais,13,0.01549,False
,discover,13,0.01549,False
,hiring,13,0.01549,False
,recruit,13,0.01549,False
,enables,13,0.01549,False
,available,13,0.01549,False
,distance,13,0.01549,False
,laboratoire,13,0.01549,False
,reglementation,13,0.01549,False
,cad,13,0.01549,False
,lettre,13,0.01549,False
,perspectives,13,0.01549,False
,developpeurs,13,0.01549,False
,recherches,13,0.01549,False
,proposees,13,0.01549,False
,partenariat,13,0.01549,False
,soyez,13,0.01549,False
,valider,13,0.01549,False
,bts,13,0.01549,False
,veillant,13,0.01549,False
,metal,13,0.01549,False
,mecaniques,13,0.01549,False
,respectant,13,0.01549,False
,faisons,13,0.01549,False
,centrale,13,0.01549,False
,editeur,13,0.01549,False
,hierarchique,13,0.01549,False
,presenter,13,0.01549,False
,representer,13,0.01549,False
,fostering,13,0.01549,False
,gammes,13,0.01549,False
,cout,13,0.01549,False
,environnementales,13,0.01549,False
,tableau,13,0.01549,False
,contractuelles,13,0.01549,False
,headquarters,13,0.01549,False
,summary,13,0.01549,False
,digitales,13,0.01549,False
,agents,13,0.01549,False
,gcp,13,0.01549,False
,capgemini,13,0.01549,False
,dynamisme,13,0.01549,False
,respecter,13,0.01549,False
,surveiller,13,0.01549,False
,electronic,13,0.01549,False
,telecom,13,0.01549,False
,microservices,13,0.01549,False
,aerospace,13,0.01549,False
,resume,13,0.01549,False
,niveaux,13,0.01549,False
,permettent,13,0.01549,False
,perspective,13,0.01549,False
,short,13,0.01549,False
,visualization,13,0.01549,False
,result,13,0.01549,False
,adaptability,13,0.01549,False
,donc,13,0.01549,False
,maintien,13,0.01549,False
,principes,13,0.01549,False
,foundation,13,0.01549,False
,automatises,13,0.01549,False
,continu,13,0.01549,False
,releases,13,0.01549,False
,chiffres,13,0.01549,False
,currently,13,0.01549,False
,desired,13,0.01549,False
,study,13,0.01549,False
,creatif,13,0.01549,False
,porte,13,0.01549,False
,specificites,13,0.01549,False
,ouvrir,13,0.01549,False
,developpements,13,0.01549,False
,board,13,0.01549,False
,avancee,13,0.01549,False
,asia,13,0.01549,False
,perimeter,13,0.01549,False
,eligible,13,0.01549,False
,dimensions,13,0.01549,False
,articulent,13,0.01549,False
,apporte,13,0.01549,False
,integrerez,13,0.01549,False
,qualifies,13,0.01549,False
,convivialite,13,0.01549,False
,professionnaliser,13,0.01549,False
http://data.europa.eu/esco/skill/9b9de2a4-d8af-4a7b-933a-a8334ae60067,javascript framework,12,0.0143,True
http://data.europa.eu/esco/skill/1fe42b38-cd42-4fc7-ae77-14e4c9e96295,chinois,12,0.0143,True
http://data.europa.eu/esco/skill/eda4d727-4374-49af-ace4-118c7c906835,optimisation des moteurs de recherche,12,0.0143,True
,he,12,0.0143,False
,5s,12,0.0143,False
,expectations,12,0.0143,False
,gap,12,0.0143,False
,small,12,0.0143,False
,adapted,12,0.0143,False
,ambitious,12,0.0143,False
,channels,12,0.0143,False
,early,12,0.0143,False
,readiness,12,0.0143,False
,fidelisation,12,0.0143,False
,adaptations,12,0.0143,False
,person,12,0.0143,False
,react,12,0.0143,False
,spring,12,0.0143,False
,combines,12,0.0143,False
,integrating,12,0.0143,False
,interpretation,12,0.0143,False
,situe,12,0.0143,False
,defects,12,0.0143,False
,artificial,12,0.0143,False
,transversal,12,0.0143,False
,amerique,12,0.0143,False
,canaux,12,0.0143,False
,contribuez,12,0.0143,False
,ponctuellement,12,0.0143,False
,acheteur,12,0.0143,False
,enterprise,12,0.0143,False
,faisant,12,0.0143,False
,modifications,12,0.0143,False
,appel,12,0.0143,False
,concernant,12,0.0143,False
,devez,12,0.0143,False
,fresh,12,0.0143,False
,comptable,12,0.0143,False
,definis,12,0.0143,False
,mensuelles,12,0.0143,False
,resultat,12,0.0143,False
,investigations,12,0.0143,False
,avancees,12,0.0143,False
,destines,12,0.0143,False
,inscrit,12,0.0143,False
,personnelles,12,0.0143,False
,reparties,12,0.0143,False
,telecommunications,12,0.0143,False
,courante,12,0.0143,False
,requise,12,0.0143,False
,critique,12,0.0143,False
,meilleurs,12,0.0143,False
,discovery,12,0.0143,False
,operates,12,0.0143,False
,representation,12,0.0143,False
,te,12,0.0143,False
,toi,12,0.0143,False
,forecast,12,0.0143,False
,delivered,12,0.0143,False
,anomalies,12,0.0143,False
,interviews,12,0.0143,False
,agricoles,12,0.0143,False
,alertes,12,0.0143,False
,embedded,12,0.0143,False
,candidature,12,0.0143,False
,transmettre,12,0.0143,False
,logicielle,12,0.0143,False
,mensuelle,12,0.0143,False
,rencontrer,12,0.0143,False
,agilite,12,0.0143,False
,accompagnons,12,0.0143,False
,echange,12,0.0143,False
,referent,12,0.0143,False
,cahier,12,0.0143,False
,calculs,12,0.0143,False
,catia,12,0.0143,False
,cibles,12,0.0143,False
,claire,12,0.0143,False
,groupes,12,0.0143,False
,________________________________________,12,0.0143,False
,addition,12,0.0143,False
,chefs,12,0.0143,False
,visa,12,0.0143,False
,segmentation,12,0.0143,False
,allocation,12,0.0143,False
,hautement,12,0.0143,False
,contribuant,12,0.0143,False
,gerez,12,0.0143,False
,resilience,12,0.0143,False
,traiter,12,0.0143,False
,maitriser,12,0.0143,False
,collecte,12,0.0143,False
,entier,12,0.0143,False
,expanding,12,0.0143,False
,premiers,12,0.0143,False
,transform,12,0.0143,False
,operateurs,12,0.0143,False
,collection,12,0.0143,False
,passer,12,0.0143,False
,pertinents,12,0.0143,False
,maison,12,0.0143,False
,achieved,12,0.0143,False
,applicable,12,0.0143,False
,maturity,12,0.0143,False
,along,12,0.0143,False
,designer,12,0.0143,False
,remote,12,0.0143,False
,venir,12,0.0143,False
,consistent,12,0.0143,False
,friendly,12,0.0143,False
,given,12,0.0143,False
,fleet,12,0.0143,False
,networking,12,0.0143,False
,fonctionnel,12,0.0143,False
,offices,12,0.0143,False
,seras,12,0.0143,False
,studio,12,0.0143,False
,spain,12,0.0143,False
,objective,12,0.0143,False
,stories,12,0.0143,False
,proposons,12,0.0143,False
,standardisation,12,0.0143,False
,trials,12,0.0143,False
,states,12,0.0143,False
,push,12,0.0143,False
,taux,12,0.0143,False
,digitalisation,12,0.0143,False
,ensures,12,0.0143,False
,preventives,12,0.0143,False
,shaping,12,0.0143,False
,semaines,12,0.0143,False
,assignments,12,0.0143,False
,desire,12,0.0143,False
,home,12,0.0143,False
,pair,12,0.0143,False
,coengi,12,0.0143,False
,passionnants,12,0.0143,False
,progression,12,0.0143,False
,limited,12,0.0143,False
,manquantes,12,0.0143,False
http://data.europa.eu/esco/skill/7ee4c2ea-b349-4bd2-81a3-ec31475d4833,statistiques,11,0.01311,True
http://data.europa.eu/esco/skill/584c13e8-fd06-4ca3-a45b-cca5b2f147a7,portugais,11,0.01311,True
,air,11,0.01311,False
,bilingue,11,0.01311,False
,constitue,11,0.01311,False
,couvre,11,0.01311,False
,chief,11,0.01311,False
,specialized,11,0.01311,False
,compliant,11,0.01311,False
,partnership,11,0.01311,False
,qualifier,11,0.01311,False
,demand,11,0.01311,False
,factory,11,0.01311,False
,efficiently,11,0.01311,False
,kick,11,0.01311,False
,live,11,0.01311,False
,concretes,11,0.01311,False
,disciplines,11,0.01311,False
,generer,11,0.01311,False
,phd,11,0.01311,False
,specialises,11,0.01311,False
,statistics,11,0.01311,False
,profitability,11,0.01311,False
,driver,11,0.01311,False
,contacts,11,0.01311,False
,entity,11,0.01311,False
,middle,11,0.01311,False
,indispensables,11,0.01311,False
,majeurs,11,0.01311,False
,accompagnant,11,0.01311,False
,environnemental,11,0.01311,False
,imperatif,11,0.01311,False
,implication,11,0.01311,False
,intervient,11,0.01311,False
,offshore,11,0.01311,False
,reduire,11,0.01311,False
,extension,11,0.01311,False
,optimisations,11,0.01311,False
,roi,11,0.01311,False
,renewed,11,0.01311,False
,streamline,11,0.01311,False
,administratif,11,0.01311,False
,budgetaires,11,0.01311,False
,clotures,11,0.01311,False
,lorsque,11,0.01311,False
,valorisation,11,0.01311,False
,veillez,11,0.01311,False
,ceremonies,11,0.01311,False
,fi,11,0.01311,False
,fibre,11,0.01311,False
,vehicule,11,0.01311,False
,connected,11,0.01311,False
,focuses,11,0.01311,False
,today,11,0.01311,False
,avance,11,0.01311,False
,su,11,0.01311,False
,super,11,0.01311,False
,toujours,11,0.01311,False
,leviers,11,0.01311,False
,foster,11,0.01311,False
,matters,11,0.01311,False
,demande,11,0.01311,False
,acting,11,0.01311,False
,attend,11,0.01311,False
,equity,11,0.01311,False
,rules,11,0.01311,False
,statements,11,0.01311,False
,clairs,11,0.01311,False
,telles,11,0.01311,False
,lots,11,0.01311,False
,practice,11,0.01311,False
,lieu,11,0.01311,False
,abord,11,0.01311,False
,chances,11,0.01311,False
,croyons,11,0.01311,False
,forts,11,0.01311,False
,telephonique,11,0.01311,False
,comprenant,11,0.01311,False
,nombreuses,11,0.01311,False
,repartis,11,0.01311,False
,sud,11,0.01311,False
,vite,11,0.01311,False
,ambassadeur,11,0.01311,False
,europeennes,11,0.01311,False
,confident,11,0.01311,False
,personnalite,11,0.01311,False
,interesse,11,0.01311,False
,travaille,11,0.01311,False
,precis,11,0.01311,False
,detecter,11,0.01311,False
,font,11,0.01311,False
,passionnes,11,0.01311,False
,maroc,11,0.01311,False
,american,11,0.01311,False
,methodology,11,0.01311,False
,particulierement,11,0.01311,False
,prioriser,11,0.01311,False
,updating,11,0.01311,False
,methodologie,11,0.01311,False
,rejoindrez,11,0.01311,False
,query,11,0.01311,False
,progresser,11,0.01311,False
,criteres,11,0.01311,False
,demarrage,11,0.01311,False
,capability,11,0.01311,False
,communities,11,0.01311,False
,partenariats,11,0.01311,False
,moderne,11,0.01311,False
,motivee,11,0.01311,False
,culturelle,11,0.01311,False
,parfois,11,0.01311,False
,union,11,0.01311,False
,reflexion,11,0.01311,False
,speaks,11,0.01311,False
,lisbon,11,0.01311,False
,dependencies,11,0.01311,False
,coverage,11,0.01311,False
,release,11,0.01311,False
,acquise,11,0.01311,False
,actifs,11,0.01311,False
,pertinentes,11,0.01311,False
,means,11,0.01311,False
,synthesis,11,0.01311,False
,deal,11,0.01311,False
,makes,11,0.01311,False
,barcelone,11,0.01311,False
,volumes,11,0.01311,False
,lab,11,0.01311,False
,purpose,11,0.01311,False
,green,11,0.01311,False
,million,11,0.01311,False
,renewable,11,0.01311,False
,distributed,11,0.01311,False
,fortil,11,0.01311,False
,anticipation,11,0.01311,False
,transformative,11,0.01311,False
,8d,11,0.01311,False
,assessment,11,0.01311,False
,list,11,0.01311,False
,uk,11,0.01311,False
,negotiate,11,0.01311,False
,resilient,11,0.01311,False
,respond,11,0.01311,False
,race,11,0.01311,False
,mode,11,0.01311,False
,documentaire,11,0.01311,False
,trading,11,0.01311,False
,diagnostic,11,0.01311,False
,flexibility,11,0.01311,False
,apportant,11,0.01311,False
,membres,11,0.01311,False
,pouvez,11,0.01311,False
,relevez,11,0.01311,False
,essentiels,11,0.01311,False
http://data.europa.eu/esco/skill/70a7b3b3-31ef-4b29-a30f-bb7299dff39b,capteurs,10,0.01192,True
http://data.europa.eu/esco/skill/07dd856d-6141-48a7-a228-918f88494812,ux,10,0.01192,True
http://data.europa.eu/esco/skill/66db424f-2abe-420d-8e5b-186607266b61,responsabilité sociale des entreprises,10,0.01192,True
,societes,10,0.01192,False
,debut,10,0.01192,False
,iot,10,0.01192,False
,materiels,10,0.01192,False
,parfaite,10,0.01192,False
,she,10,0.01192,False
,command,10,0.01192,False
,emissions,10,0.01192,False
,humble,10,0.01192,False
,reducing,10,0.01192,False
,affairs,10,0.01192,False
,transfers,10,0.01192,False
,accordingly,10,0.01192,False
,approval,10,0.01192,False
,constraints,10,0.01192,False
,either,10,0.01192,False
,identified,10,0.01192,False
,negotiations,10,0.01192,False
,outside,10,0.01192,False
,interacting,10,0.01192,False
,regularly,10,0.01192,False
,write,10,0.01192,False
,barcelona,10,0.01192,False
,implemented,10,0.01192,False
,domain,10,0.01192,False
,reponses,10,0.01192,False
,simulations,10,0.01192,False
,mix,10,0.01192,False
,speak,10,0.01192,False
,director,10,0.01192,False
,facilities,10,0.01192,False
,running,10,0.01192,False
,taking,10,0.01192,False
,simples,10,0.01192,False
,comprend,10,0.01192,False
,futurs,10,0.01192,False
,multiculturelle,10,0.01192,False
,ayant,10,0.01192,False
,carbone,10,0.01192,False
,empreinte,10,0.01192,False
,finale,10,0.01192,False
,identifiant,10,0.01192,False
,imperativement,10,0.01192,False
,pragmatique,10,0.01192,False
,renouvelables,10,0.01192,False
,specifique,10,0.01192,False
,eyes,10,0.01192,False
,pc,10,0.01192,False
,annuel,10,0.01192,False
,communaute,10,0.01192,False
,concernes,10,0.01192,False
,parfaitement,10,0.01192,False
,units,10,0.01192,False
,inde,10,0.01192,False
,remuneration,10,0.01192,False
,surveillance,10,0.01192,False
,conformes,10,0.01192,False
,agriculture,10,0.01192,False
,integrations,10,0.01192,False
,ceo,10,0.01192,False
,demain,10,0.01192,False
,comfort,10,0.01192,False
,hours,10,0.01192,False
,mecatronique,10,0.01192,False
,essentiel,10,0.01192,False
,others,10,0.01192,False
,startup,10,0.01192,False
,vietnam,10,0.01192,False
,introduction,10,0.01192,False
,quarterly,10,0.01192,False
,chimique,10,0.01192,False
,modes,10,0.01192,False
,maintainable,10,0.01192,False
,beneficierez,10,0.01192,False
,superieur,10,0.01192,False
,ecosysteme,10,0.01192,False
,traduire,10,0.01192,False
,doivent,10,0.01192,False
,finances,10,0.01192,False
,certains,10,0.01192,False
,devices,10,0.01192,False
,period,10,0.01192,False
,engagee,10,0.01192,False
,adequation,10,0.01192,False
,adn,10,0.01192,False
,teletravail,10,0.01192,False
,automates,10,0.01192,False
,siemens,10,0.01192,False
,tiers,10,0.01192,False
,pourra,10,0.01192,False
,interpersonnelles,10,0.01192,False
,voyager,10,0.01192,False
,ii,10,0.01192,False
,competencies,10,0.01192,False
,origin,10,0.01192,False
,medicaux,10,0.01192,False
,pierre,10,0.01192,False
,positionnement,10,0.01192,False
,convaincre,10,0.01192,False
,representant,10,0.01192,False
,etudier,10,0.01192,False
,optimale,10,0.01192,False
,tracabilite,10,0.01192,False
,appliquer,10,0.01192,False
,commodity,10,0.01192,False
,estimation,10,0.01192,False
,depth,10,0.01192,False
,headquartered,10,0.01192,False
,ip,10,0.01192,False
,visites,10,0.01192,False
,fit,10,0.01192,False
,subsidiaries,10,0.01192,False
,without,10,0.01192,False
,realise,10,0.01192,False
,chine,10,0.01192,False
,simultanement,10,0.01192,False
,troubleshoot,10,0.01192,False
,verify,10,0.01192,False
,donner,10,0.01192,False
,atelier,10,0.01192,False
,representative,10,0.01192,False
,speciales,10,0.01192,False
,arm,10,0.01192,False
,manual,10,0.01192,False
,mid,10,0.01192,False
,involves,10,0.01192,False
,jenkins,10,0.01192,False
,criteria,10,0.01192,False
,prioritization,10,0.01192,False
,quantitative,10,0.01192,False
,week,10,0.01192,False
,religion,10,0.01192,False
,americas,10,0.01192,False
,sheets,10,0.01192,False
,further,10,0.01192,False
,producing,10,0.01192,False
,issus,10,0.01192,False
,billion,10,0.01192,False
,drafting,10,0.01192,False
,manages,10,0.01192,False
,ecouter,10,0.01192,False
,quotidiennes,10,0.01192,False
,moment,10,0.01192,False
,sigma,10,0.01192,False
,then,10,0.01192,False
,moteur,10,0.01192,False
,parce,10,0.01192,False
,doing,10,0.01192,False
,presente,10,0.01192,False
,utilisateur,10,0.01192,False
,delai,10,0.01192,False
,conducting,10,0.01192,False
,covers,10,0.01192,False
,boundaries,10,0.01192,False
,mitigate,10,0.01192,False
,educational,10,0.01192,False
,commodities,10,0.01192,False
,deviation,10,0.01192,False
,averee,10,0.01192,False
,contribue,10,0.01192,False
,agiles,10,0.01192,False
,learner,10,0.01192,False
,claims,10,0.01192,False
,commande,10,0.01192,False
,lives,10,0.01192,False
,experimental,10,0.01192,False
,lui,10,0.01192,False
,totale,10,0.01192,False
,aspect,10,0.01192,False
,link,10,0.01192,False
,always,10,0.01192,False
,once,10,0.01192,False
,kyc,10,0.01192,False
,seulement,10,0.01192,False
,crees,10,0.01192,False
,debutant,10,0.01192,False
,initiees,10,0.01192,False
http://data.europa.eu/esco/skill/a8d07b5a-c1a1-42c6-9d53-db9c7a2ca996,postgresql,9,0.01073,True
http://data.europa.eu/esco/skill/56a7f561-1d55-43c9-9cd7-36a0a9bc6c50,asp,9,0.01073,True
http://data.europa.eu/esco/skill/e5d1f825-60ed-4bdd-872a-e748c387f777,css,9,0.01073,True
http://data.europa.eu/esco/skill/4a855abe-ac5b-4e95-ac10-3c1adceeee28,ifrs,9,0.01073,True
http://data.europa.eu/esco/skill/294cf13e-4fdf-4cb8-bb6b-31b9da7f4819,logique,8,0.00954,True
http://data.europa.eu/esco/skill/c3a03c5a-c260-4c26-9b9a-873abb396f4d,matlab,8,0.00954,True
http://data.europa.eu/esco/skill/6e4f75b4-c60f-4623-a9ba-760c8245753b,protocoles de communication dans le domaine des tic,8,0.00954,True
http://data.europa.eu/esco/skill/b8df1689-6763-437d-bfca-fe03d43f36c3,aprentissage des langues en ligne,8,0.00954,True
http://data.europa.eu/esco/skill/925463a7-d51f-4d5b-9f79-4d28cf30acde,eclipse,7,0.00834,True
http://data.europa.eu/esco/skill/692ace70-7f97-4214-92bd-88f7637d8a44,physique,7,0.00834,True
http://data.europa.eu/esco/skill/38dbdfc4-427e-4fc8-b394-b00ec29dbe3a,optique,7,0.00834,True
http://data.europa.eu/esco/skill/8696aff0-18c0-4ba6-a4d0-9a21861b3e5e,soap,7,0.00834,True
http://data.europa.eu/esco/skill/68e66ed6-a171-4350-8ec1-2cfc4cae50e4,hydraulique,7,0.00834,True
http://data.europa.eu/esco/skill/33efa504-2f26-424d-b662-cee77e6e9c93,iam,7,0.00834,True
http://data.europa.eu/esco/skill/33859d93-987c-4caa-a0a9-6159ea7bbc2a,arabe,7,0.00834,True
http://data.europa.eu/esco/skill/6cb9c23b-e3bc-4917-b588-26c4cef9d920,mro,7,0.00834,True
http://data.europa.eu/esco/skill/580660a6-5d3a-421d-a54f-d85b706c2b2f,confluence,6,0.00715,True
http://data.europa.eu/esco/skill/e87ec79a-c9ff-46f5-84fa-7a0f394cdf40,robotique,6,0.00715,True
http://data.europa.eu/esco/skill/e49f4158-9d4c-425d-bf32-dfe89b19840a,planifier,6,0.00715,True
http://data.europa.eu/esco/skill/39c675c4-af13-49db-bbed-cf762102f85e,japonais,6,0.00715,True
http://data.europa.eu/esco/skill/76ef6ed3-1658-4a1a-9593-204d799c6d0c,nosql,6,0.00715,True
http://data.europa.eu/esco/skill/b483124c-180c-4d3a-8b7c-72e4e7a5b49b,migration,6,0.00715,True
http://data.europa.eu/esco/skill/071233c4-ad2b-4f50-b79f-768d2231163e,système de noms de domaine,6,0.00715,True
http://data.europa.eu/esco/skill/4b3c8605-819d-4b38-83fc-f23663e78dc9,consultation,6,0.00715,True
http://data.europa.eu/esco/skill/61bef658-d7f9-4759-b1b0-0f9cb3bc581a,biotechnologie,6,0.00715,True
http://data.europa.eu/esco/skill/7557f0f4-b8bc-4ac0-b91e-222ab1ba744f,selenium,6,0.00715,True
http://data.europa.eu/esco/skill/7af76a2b-6bba-4350-9bfa-980e50c98481,smed,5,0.00596,True
http://data.europa.eu/esco/skill/2dfa5bd5-c87c-461c-bce9-69b2c58732bd,cartographie,5,0.00596,True
http://data.europa.eu/esco/skill/af7ae54f-4649-4c16-87c7-59ba41d4d57f,spark,5,0.00596,True
http://data.europa.eu/esco/skill/88033500-d3a7-4a94-ba88-0f1680b9d017,cms,5,0.00596,True
http://data.europa.eu/esco/skill/86ed2a45-eae9-4ab7-b0e6-d7508d33df4f,matrices,5,0.00596,True
http://data.europa.eu/esco/skill/4f7fa632-15a6-4739-930b-abbac8055a80,firmware,5,0.00596,True
http://data.europa.eu/esco/skill/2b22f3b1-5de4-43f9-b6d1-b20f65871268,histoire,5,0.00596,True
http://data.europa.eu/esco/skill/fbdbed1c-442a-47b3-a26f-0e867d82bbea,ergonomie,5,0.00596,True
http://data.europa.eu/esco/skill/54924a2c-daca-40d3-9716-4b38ceb04f38,algorithmes,4,0.00477,True
http://data.europa.eu/esco/skill/4c72749b-c2c8-47b6-8330-5ebb22862314,filtration,4,0.00477,True
http://data.europa.eu/esco/skill/fae7e545-5114-43cc-8e83-178e2549ecb9,bim,4,0.00477,True
http://data.europa.eu/esco/skill/9d0d89be-bffa-4393-b6f6-8d05bea49051,etl,4,0.00477,True
http://data.europa.eu/esco/skill/4350c38d-0fe9-4ca7-bab9-40ed7f72b04f,php,4,0.00477,True
http://data.europa.eu/esco/skill/6f8a40d6-f9ce-43ec-a72f-d4213a53f3ed,ansible,4,0.00477,True
http://data.europa.eu/esco/skill/e6e7061f-8211-455a-9a65-adaab3f1f6a1,saisie,4,0.00477,True
http://data.europa.eu/esco/skill/867137fb-ff1b-4ca3-99f3-cb6969aa2c68,typescript,4,0.00477,True
http://data.europa.eu/esco/skill/658605f2-1c95-49f0-bd98-0af7b15ad0b0,entreprenariat,3,0.00358,True
http://data.europa.eu/esco/skill/811ed6d8-701a-4da9-a28b-e2c8a9490210,engrais,3,0.00358,True
http://data.europa.eu/esco/skill/cf532795-a1fd-43bd-8407-6e43f877e6e3,gestion des appareils mobiles,3,0.00358,True
http://data.europa.eu/esco/skill/9433da85-70fa-4a25-8f96-71fa59dd1989,biologie,3,0.00358,True
http://data.europa.eu/esco/skill/6c80d53c-d8c9-41fe-998f-091fca208834,lms,3,0.00358,True
http://data.europa.eu/esco/skill/8afe68ff-b261-4fa8-ab25-bb30b0e5c292,graphiques animés,3,0.00358,True
http://data.europa.eu/esco/skill/cfa2be0d-96d5-4017-a866-962efb9c5070,dsp,3,0.00358,True
http://data.europa.eu/esco/skill/401eb8d8-6daa-4f8b-90ad-60afc71eb4f8,perl,3,0.00358,True
http://data.europa.eu/esco/skill/d3e9b00a-0891-4fa8-836d-8240ec3d2758,rgpd,3,0.00358,True
http://data.europa.eu/esco/skill/26fa7a33-a426-4cd5-9792-33bf668612e1,less,3,0.00358,True
http://data.europa.eu/esco/skill/6d289e8b-2cc1-4eda-ab1f-ad1090ef98f0,wordpress,3,0.00358,True
http://data.europa.eu/esco/skill/07ebc888-0f3f-46e7-99d2-a7c7ebd7ffe3,pms,3,0.00358,True
http://data.europa.eu/esco/skill/cad4f44b-28a8-4448-86e5-7389e5ebf3eb,hollandais,2,0.00238,True
http://data.europa.eu/esco/skill/4e2d4d0a-fd08-4a02-994c-38d989ad9184,verrerie,2,0.00238,True
http://data.europa.eu/esco/skill/b4dc6e4f-dc7d-445f-8ce2-d7b9d225e282,ajax,2,0.00238,True
http://data.europa.eu/esco/skill/7193cb6d-8334-494f-86e5-21e6d03a47c3,uml,2,0.00238,True
http://data.europa.eu/esco/skill/f3e9b964-0c2d-46c4-a895-8b3583054d69,polonais,2,0.00238,True
http://data.europa.eu/esco/skill/3cee858e-79e8-4a4b-b99f-93c7f735d58b,db2,2,0.00238,True
http://data.europa.eu/esco/skill/a57a54b6-2f2e-43e4-9621-b52f4a63cb08,ldap,2,0.00238,True
http://data.europa.eu/esco/skill/f9e788df-d68a-4f92-92c7-80e135fc35ff,ponts,2,0.00238,True
http://data.europa.eu/esco/skill/9cf681c7-89ec-470c-b651-7fe03786f586,langages de requête,2,0.00238,True
http://data.europa.eu/esco/skill/709ef32a-7435-48e2-8fa2-16e389ecab8a,cisco,2,0.00238,True
http://data.europa.eu/esco/skill/13d96098-2ff0-46b8-b326-b7c0e18cc1f1,nutrition,2,0.00238,True
http://data.europa.eu/esco/skill/1f56f042-27cd-4ef0-8a57-28860af950e7,photonique,2,0.00238,True
http://data.europa.eu/esco/skill/6891bbce-20bf-4afc-bd5e-75bdf54c0165,russe,2,0.00238,True
http://data.europa.eu/esco/skill/31eede0c-9dac-49b8-b61b-1f9f22e79e1e,chasse,2,0.00238,True
http://data.europa.eu/esco/skill/967b60c2-4657-4ffc-bcaf-aab565793f97,philosophie,2,0.00238,True
http://data.europa.eu/esco/skill/afdcb380-ef9f-4785-b877-cc551f035034,agronomie,2,0.00238,True
http://data.europa.eu/esco/skill/4da171e5-779c-4983-a76f-91c16751e99f,mysql,2,0.00238,True
http://data.europa.eu/esco/skill/1e9bd245-3118-45e0-83e4-751f2ce556e5,vins,2,0.00238,True
http://data.europa.eu/esco/skill/8248a071-5307-4a64-a62d-643a35ec31e2,pvsyst,2,0.00238,True
http://data.europa.eu/esco/skill/3391d6dd-d584-4c8c-9af9-d2f0c45e2b4b,journalisme,1,0.00119,True
http://data.europa.eu/esco/skill/aa66a033-8522-40e9-a5c0-ff2593e2669c,turc,1,0.00119,True
http://data.europa.eu/esco/skill/9d5e2143-08db-44d6-83d3-12c87dc23586,urologie,1,0.00119,True
http://data.europa.eu/esco/skill/a71577b2-7550-4222-88ee-dcbd2d881516,sai,1,0.00119,True
http://data.europa.eu/esco/skill/85ac537a-9233-42cc-a6e8-73851e77d214,sda,1,0.00119,True
http://data.europa.eu/esco/skill/14c9635f-1afe-41a1-997e-7b406751e033,taxonomie,1,0.00119,True
http://data.europa.eu/esco/skill/922032c3-9dfa-45dd-9bcd-f14dedf4709e,boissons,1,0.00119,True
http://data.europa.eu/esco/skill/1e3e0736-6d4a-4a65-8787-1fa16bff5660,explosifs,1,0.00119,True
http://data.europa.eu/esco/skill/f9f8f0a4-6e4d-400d-b2d7-83ab2c95f855,typologie,1,0.00119,True
http://data.europa.eu/esco/skill/e46291c7-52b9-4174-bd59-178884861038,hadoop,1,0.00119,True
http://data.europa.eu/esco/skill/ec6df9cb-be92-4027-80fa-83b70aabce58,recherche et développement industriels,1,0.00119,True
http://data.europa.eu/esco/skill/1349751e-dfb5-492e-89af-e7d9bd2546ac,brevets,1,0.00119,True
http://data.europa.eu/esco/skill/64be6a06-52e8-4f5c-b64d-caa516cfa291,amortissement,1,0.00119,True
http://data.europa.eu/esco/skill/fa656035-d990-4b73-bc89-16bb90b4b697,stm,1,0.00119,True
http://data.europa.eu/esco/skill/857e8624-4db0-4725-a758-5914bd8cc350,thermodynamique,1,0.00119,True
http://data.europa.eu/esco/skill/b895bd42-0009-4815-a150-eb9eb5caec21,bourse,1,0.00119,True
http://data.europa.eu/esco/skill/b769f524-0f25-44d7-8538-5c46710a040e,onedrive,1,0.00119,True
http://data.europa.eu/esco/skill/fdf15b35-9028-4acb-bfd2-43f00a015cd9,trello,1,0.00119,True
http://data.europa.eu/esco/skill/1ddbdcfe-f99e-4a46-a2c4-f21854161e60,graphite,1,0.00119,True
http://data.europa.eu/esco/skill/7d16f1e4-1003-4f1f-9595-5cafb25a67df,luxembourgeois,1,0.00119,True
http://data.europa.eu/esco/skill/ffddfc7c-a9dd-449f-9e96-882dc447c8b6,scala,1,0.00119,True
http://data.europa.eu/esco/skill/be3f635b-b400-4eb3-b4cc-c44a34f26eae,orthographe,1,0.00119,True
http://data.europa.eu/esco/skill/98301d4a-2cc3-439d-8d7f-0b6ac76302bb,bpm,1,0.00119,True
http://data.europa.eu/esco/skill/c46cf6f9-8b1e-44b9-a529-f5774c9167dd,pao,1,0.00119,True
http://data.europa.eu/esco/skill/96e70743-6a84-4fee-b226-fe10cddb266e,latin,1,0.00119,True
http://data.europa.eu/esco/skill/e9d74b8e-04a5-4743-b17b-bd8a4f09bc3b,urgences,1,0.00119,True
http://data.europa.eu/esco/skill/bfe4f330-d595-48c7-ab3c-f309471d6953,psychologie,1,0.00119,True
http://data.europa.eu/esco/skill/4fbe31ec-9027-4576-a9d9-b89fa40a46b6,golf,1,0.00119,True
http://data.europa.eu/esco/skill/7f18039d-dfae-471b-9daa-507f6b2d2842,urbanisme,1,0.00119,True
http://data.europa.eu/esco/skill/3c9fc332-97e4-409a-8c32-e81fa552e882,viticulture,1,0.00119,True
http://data.europa.eu/esco/skill/bf419e00-8548-491a-a06f-d72ab439df2f,pneumatique,1,0.00119,True
http://data.europa.eu/esco/skill/9136cbf1-7916-4f1c-bc9a-0318ee1d6016,ihm,1,0.00119,True
http://data.europa.eu/esco/skill/36065f25-3bbe-4a5c-a0fe-5623ad4b20df,artisanat,1,0.00119,True
http://data.europa.eu/esco/skill/def007fa-5fed-4a5f-91a2-b0d7e3db1be1,cobol,1,0.00119,True
http://data.europa.eu/esco/skill/52cf3037-ab53-4806-85ed-7fd21ea7f6a1,groovy,1,0.00119,True
http://data.europa.eu/esco/skill/eb0e5615-1575-4a86-a1a2-7d39595033c5,abap,1,0.00119,True
http://data.europa.eu/esco/skill/19858dd3-a5fe-4855-b644-6ecfefd1c384,menuiserie,1,0.00119,True
http://data.europa.eu/esco/skill/fff0e2cd-d0bd-4b02-9daf-158b79d9688a,nlp,1,0.00119,True
http://data.europa.eu/esco/skill/7fb699d9-182a-430e-b7a0-6d8ed05c284b,conception graphique,1,0.00119,True
http://data.europa.eu/esco/skill/5be3d306-6cf1-4b49-aa1d-01651dd4ba4c,poo,1,0.00119,True
http://data.europa.eu/esco/skill/810df100-e85a-4c13-b619-34030a75ecc2,linguistique,1,0.00119,True
